complexes,genes
Condensin I complex,SMC2;NCAPH;SMC4;NCAPG;NCAPD2
NCOR complex,CORO2A;GPS2;HDAC3;NCOR1;TBL1X;TBL1XR1
BLOC-1 (biogenesis of lysosome-related organelles complex 1),BLOC1S4;SNAPIN;DTNBP1;BLOC1S3;BLOC1S2;BLOC1S1;BLOC1S5;BLOC1S6
Arp2/3 protein complex,ACTR2;ARPC3;ARPC5;ACTR3;ARPC1B;ARPC2;ARPC4
PA700 complex,PSMD11;PSMD9;PSMC4;PSMC1;PSMD14;PSMC5;PSMC3;PSMD2;PSMD13;PSMD8;PSMD4;PSMD1;PSMD7;PSMD6;PSMD10;PSMC6;PSMD3;PSMC2;PSMD12;PSMD5
AP1 adaptor complex,AP1G2;AP1B1;AP1M1;AP1G1;AP1S3;AP1S2;AP1S1;AP1M2
DNMT3B complex,SMC2;SMARCA5;KIF4A;DNMT3B;HDAC1;SMC4;SIN3A
SMRT complex,GPS2;HDAC3;NCOR2;TBL1X;TBL1XR1
AP3 adaptor complex,AP3B2;AP3M1;AP3M2;AP3D1;AP3S1;AP3B1;AP3S2
Mi2/NuRD complex,CHD4;HDAC2;HDAC1;MTA2;MBD3;RBBP4;RBBP7
MeCP1 complex,CHD4;MBD2;HDAC2;HDAC1;GATAD2B;MTA2;MBD3;RBBP4;RBBP7
TRAP complex,MED24;MED1;MED4;MED13;THRAP3;MED21;MED31;MED12;MED16;MED14;MED17;CCNC;MED6;THRA;MED27;MED10
NUMAC complex (nucleosomal methylation activator complex),SMARCD1;SMARCB1;SMARCC2;ARID1A;SMARCE1;CARM1;SMARCA4;SCYL1;SMARCC1;ACTB
Nup 107-160 subcomplex,NUP85;SEC13;NUP160;NUP107;NUP133;NUP43;SEH1L;NUP98;NUP37
Anaphase-promoting complex,ANAPC7;CDC27;ANAPC5;CDC23;ANAPC1;CDC16;ANAPC2;ANAPC10;ANAPC4
RNA polymerase II holoenzyme complex,GTF2H1;POLR2A;POLR2C;POLR2B;GTF2H2;GTF2H3;POLR2L;ERCC2;GTF2F2;ERCC3;POLR2I;POLR2H;POLR2E;GTF2E1;TBP;POLR2F;GTF2E2;POLR2G;GTF2F1;POLR2J;GTF2H4;GTF2B;POLR2K;POLR2D
RNA polymerase II core complex,POLR2H;POLR2L;POLR2E;POLR2J;POLR2A;POLR2G;POLR2I;POLR2F;POLR2C;POLR2B;POLR2K;POLR2D
TFIIH transcription factor complex,GTF2H5;MNAT1;GTF2H1;GTF2H2;GTF2H3;CCNH;ERCC2;GTF2H4;ERCC3;CDK7
Prefoldin complex,PFDN1;PFDN4;PFDN2;PFDN6;PFDN5;VBP1
SNAPc (small nuclear RNA-activating protein) complex,SNAPC1;SNAPC4;SNAPC5;SNAPC2;SNAPC3
"Polycomb repressive complex 1 (PRC1, hPRC-H)",RNF2;CBX8;SCMH1;BMI1;PHC2;YY1;RING1;SMARCA5;HSPA1A;PHC1;PHC3;CBX4;CBX2
GPR56-CD81-Galpha(q/11)-Gbeta complex,GNB1;ADGRG1;GNAQ;GNA11;CD81
Rnase/Mrp complex,POP1;POP7;RPP14;POP5;RPP25;RPP21;RPP40;POP4;RPP38;RPP30
CCT complex (chaperonin containing TCP1 complex),CCT6A;CCT5;CCT2;TCP1;CCT8;CCT3;CCT4;CCT7
Telomere-associated protein complex,TERF1;TINF2;TERF2;TERF2IP;ACD;POT1
CD147-gamma-secretase complex,PSEN1;BSG;APH1A;NCSTN;PSENEN
Gamma-BAR-AP1 complex,AP1G2;AP1B1;AP1M1;AP1G1;AP1AR;AP1S3;AP1S2;AP1S1;AP1M2
PBAF complex (Polybromo- and BAF containing complex),SMARCD1;SMARCC2;ACTL6A;SMARCA4;SMARCC1;ARID2;SMARCB1;SMARCE1;PBRM1;ACTB
TFIID complex,TAF1;TAF4;TBP;TAF9;TAF10;TAF7;TAF13;TAF11;TAF12;TAF2;TAF6;TAF5;TAF15
Condensin I-PARP-1-XRCC1 complex,SMC2;NCAPH;PARP1;XRCC1;SMC4;NCAPG;NCAPD2
Condensin II,SMC2;NCAPH2;NCAPG2;NCAPD3;SMC4
COG complex,COG6;COG8;COG1;COG4;COG3;COG7;COG5;COG2
"Respiratory chain complex I (holoenzyme), mitochondrial",NDUFS6;NDUFA8;NDUFA10;NDUFC1;NDUFA4;NDUFS7;NDUFAB1;NDUFV1;NDUFA12;NDUFA7;NDUFB6;MT-ND3;NDUFS1;NDUFB4;NDUFA6;NDUFS4;NDUFA1;MT-ND6;NDUFB7;NDUFB3;NDUFS8;NDUFA9;NDUFA2;MT-ND2;NDUFV3;NDUFB5;MT-ND1;NDUFB11;MT-ND4L;NDUFB2;NDUFB10;NDUFS5;NDUFA3;NDUFA13;NDUFC2;NDUFS2;NDUFV2;NDUFB8;NDUFA11;NDUFB9;NDUFS3;NDUFB1;NDUFA5;MT-ND5
26S proteasome,PSMB3;PSMA4;PSMC4;PSMA5;PSMC1;PSMB2;PSMA6;PSMC5;PSMC3;PSMA2;PSMB1;PSMB5;PSMA3;PSMD13;PSMB6;PSMB4;PSMA1;PSMB7;PSMD4;PSMA7;PSMC6;PSMC2
Wave-2 complex,BRK1;ABI1;NCKAP1;CYFIP1;WASF2
BAF complex,SMARCD1;SMARCC2;ARID1A;SMARCA2;ACTL6A;ACTG1;SMARCA4;SMARCC1;SMARCB1;SMARCD2;SMARCE1;ARID1B;ACTL6B;ACTB
PA28-20S proteasome,PSMB3;PSMA7;PSMB2;PSME1;PSMB4;PSMA6;PSMA1;PSMA4;PSMB7;PSMA2;PSMB1;PSMB5;PSME2;PSMA3;PSMA5;PSMB6
PA700-20S-PA28 complex,PSMD11;PSMB3;PSMD9;PSMA4;PSME2;PSMC4;PSMA5;PSMC1;PSMD14;PSMB2;PSMA6;PSMC5;PSMC3;PSMD2;PSMA2;PSMB1;PSMB5;PSMA3;PSMD13;PSMB6;PSMD8;PSMB4;PSMA1;PSMB7;PSMD4;PSMD1;PSMD7;PSME1;PSMA7;PSMD6;PSMD10;PSMC6;PSMD3;PSMC2;PSMD12;PSMD5
PA28gamma-20S proteasome,PSMB3;PSMA7;PSMB2;PSMB4;PSMA6;PSMA1;PSMA4;PSME3;PSMB7;PSMA2;PSMB1;PSMB5;PSMA3;PSMA5;PSMB6
"Ubiquitin E3 ligase (VHL, TCEB1, TCEB2, CUL2, RBX1)",VHL;ELOB;RBX1;ELOC;CUL2
"Ubiquitin E3 ligase (ASB2, TCEB1, TCEB2, CUL5, RNF7)",ELOB;RNF7;ASB2;CUL5;ELOC
"Ubiquitin E3 ligase (ASB1, TCEB1, TCEB2, CUL5, RNF7)",ELOB;RNF7;ASB1;CUL5;ELOC
"Ubiquitin E3 ligase (ASB6, TCEB1, TCEB2, CUL5, RNF7)",ELOB;ASB6;RNF7;CUL5;ELOC
"Ubiquitin E3 ligase (ASB7, TCEB1, TCEB2, CUL5, RNF7)",ELOB;RNF7;CUL5;ELOC;ASB7
"Ubiquitin E3 ligase (ASB12, TCEB1, TCEB2, CUL5, RNF7)",ELOB;RNF7;CUL5;ELOC;ASB12
"Ubiquitin E3 ligase (WSB1, TCEB1, TCEB2, CUL5, RBX1)",ELOB;WSB1;CUL5;RBX1;ELOC
CRSP complex,MED26;MED7;MED24;MED1;MED14;MED23;MED17;MED27
SMCC complex,MED24;MED1;MED4;MED13;MED21;THRAP3;MED31;MED12;CDK8;MED16;MED7;MED20;MED14;CCNC;MED17;MED6;MED27;MED10
NAT complex,MED14;MED23;CCNC;MED21;MED6;CDK8;MED10
Mediator complex,MED15;MED23;MED4;MED21;MED18;MED31;CDK8;MED8;MED26;MED11;MED16;MED20;MED14;MED13L;MED25;CCNC;OPA1;MED6;MED27;MED28;MED9;MED30;MED24;MED1;MED19;MED13;MED12;MED7;MED22;MED29;MED17;CDK19;MED10
ARC complex,MED26;MED15;MED7;MED24;MED1;ACAD8;MED14;MED23;MED4;MED25;MED17;MED13;MED6;MED12;MED8
SWI-SNF chromatin remodeling-related-BRCA1 complex,SMARCB1;SMARCC2;SMARCD2;ARID1A;SMARCA2;SMARCE1;ACTL6A;BRCA1;SMARCA4;SMARCC1
BRAFT complex,FANCA;FANCC;RPA3;RPA2;FANCL;FANCF;BLM;TOP3A;FANCE;RMI1;RPA1;MLH1;FANCG
FA core complex (Fanconi anemia core complex),FANCA;FANCE;RMI1;FANCM;FANCC;FANCL;FAAP100;FANCB;FANCG;FANCF
RalBP1-CCNB1-AP2A-NUMB-EPN1 complex,RALBP1;CCNB1;AP2A1;EPN1;NUMB
RAD51B-RAD51C-RAD51D-XRCC2-XRCC3 complex,XRCC2;RAD51C;XRCC3;RAD51B;RAD51D
RAD17-RFC complex,RAD17;RFC2;RFC5;RFC3;RFC4
9-1-1-RAD17-RFC complex,RAD17;RFC3;HUS1;RFC5;RAD1;RAD9A;RFC2;RFC4
RFC complex,RFC2;RFC5;RFC1;RFC3;RFC4
HMGB1-HMGB2-HSC70-ERP60-GAPDH complex,HSPA8;HMGB1;HMGB2;GAPDH;PDIA3
SNF2h-cohesin-NuRD complex,SMC3;SMARCA5;STAG1;MBD2;RAD21;HDAC1;HDAC2;STAG2;MTA2;MBD3;RBBP4;CHD3;SMC1A;BAZ1A;MTA1;RBBP7
SIN3 complex,SAP18;HDAC2;HDAC1;RBBP4;SIN3A;SAP30;RBBP7
ARC-L complex,MED15;MED7;MED24;MED1;MED14;MED23;MED25;CCNC;MED17;MED21;MED13;MED6;MED12;CDK8
PCNA-DNA polymerase delta complex,PCNA;POLD2;POLD1;POLD4;POLD3
PC2 complex,THRAP3;MED16;MED7;MED24;MED20;MED14;MED17;MED21;MED6;MED27;MED10;MED31
INO80 chromatin remodeling complex,RUVBL2;TCF3;RUVBL1;NFRKB;MCRS1;ACTL6A;ACTR8;ACTR5;INO80E;INO80B;INO80D;INO80C;INO80
SRCAP complex,RUVBL2;ZNHIT1;RUVBL1;YEATS4;ACTL6A;ACTR6;SRCAP;EAF2;H2AZ1;VPS72
"40S ribosomal subunit, cytoplasmic",FAU;RPS24;RPS29;RPS16;RPS13;RPS2;RPS14;RPS25;RPS15;RPS4Y1;RPS7;RPS9;RPS20;RPS5;RPS27;RPS18;RPS12;RPS23;RPS8;RPS17;RPS3;RPS19;RPS21;RPS27A;RPS3A;RPS15A;RPS26;RPS10;RPS11;RPS28;RPS6;RPS4X;RPSA
"Ribosome, cytoplasmic",RPL29;RPS16;RPS2;RPS13;RPL13A;RPS15;RPL9P7;RPL30;RPLP0;RPS27;RPS18;RPS21;RPL34;RPS26;RPLP2;RPL37;RPL10;RPS11;RPL9;RPS6;RPS28;RPL32;RPL9P9;RPL5;RPL3;FAU;RPS24;RPS29;RPS14;RPL12;RPS4Y1;RPL7;RPL9P8;RPL19;RPL27A;RPS23;RPS8;RPS17;RPS3;RPL24;RPS3A;RPL18;RPS10;RPL37A;RPL23;RPS4X;RPL23A;RPSA;RPL39;RPL21;RPL11;RPL38;RPL6;RPL31;RPL8;RPL36;RPS7;RPL4;RPL13;RPL15;RPL35A;RPS15A;RPLP1;RPL22;RPL28;RPL36A;RPL14;RPS25;RPL18A;RPL7A;UBA52;RPS9;RPL27;RPS20;RPL10A;RPS5;RPL41;RPS12;RPL35;RPS19;RPS27A;RPL17;RPL26
"60S ribosomal subunit, cytoplasmic",RPL29;RPL39;RPL21;RPL11;RPL38;RPL36A;RPL6;RPL31;RPL14;RPL12;RPL13A;RPL18A;RPL7A;UBA52;RPL8;RPL36;RPL9P7;RPL7;RPL9P8;RPL27;RPL28;RPL10A;RPL30;RPLP0;RPL4;RPL41;RPL19;RPL13;RPL27A;RPL15;RPL35;RPL35A;RPL34;RPL24;RPL18;RPLP2;RPL17;RPL37A;RPL37;RPL10;RPLP1;RPL9;RPL32;RPL23;RPL22;RPL26;RPL9P9;RPL5;RPL23A;RPL3
Cell cycle kinase complex CDC2,PCNA;CCNB1;CDKN1A;CCNB2;CDK1;CCND1
Cell cycle kinase complex CDK5,PCNA;CDKN1A;CCND3;CCND1;CDK5
"28S ribosomal subunit, mitochondrial",MRPS36;MRPS7;MRPS23;MRPS16;MRPS18C;MRPS10;MRPS18B;MRPS25;MRPS31;MRPS9;MRPS18A;MRPS12;MRPS15;MRPS21;DAP3;MRPS22;MRPS34;MRPS30;MRPS17;MRPS5;MRPS33;MRPS28;MRPS2;MRPS26;MRPS6;MRPS27;MRPS14;MRPS24;MRPS11;MRPS35
"55S ribosome, mitochondrial",MRPL43;MRPL17;MRPL47;MRPS15;MRPS21;MRPL9;MRPL53;DAP3;MRPL3;MRPS34;MRPS30;MRPL4;MRPL19;MRPL48;MRPS28;MRPS26;MRPL2;MRPL15;MRPS14;MRPS24;MRPS35;MRPL13;MRPS18C;MRPL52;MRPL34;MRPS31;MRPL16;MRPS12;MRPL38;MRPL32;MRPL44;MRPL23;MRPL45;MRPL49;MRPL21;MRPL55;MRPL40;MRPS6;MRPS11;MRPS18B;MRPS9;MRPL18;MRPS22;MRPL42;MRPL10;MRPS17;MRPL28;MRPL24;MRPL27;MRPS2;MRPL14;MRPL36;MRPS23;MRPS36;MRPL37;MRPS7;MRPL41;MRPS16;MRPL50;MRPS10;MRPL35;MRPL12;MRPS25;MRPS18A;MRPL11;MRPL22;MRPL1;MRPL39;MRPL54;LACTB;MRPL20;MRPS5;MRPS33;MRPL51;MRPL30;MRPL46;MRPS27;MRPL33
"39S ribosomal subunit, mitochondrial",MRPL43;MRPL37;MRPL17;MRPL41;MRPL52;MRPL50;MRPL34;MRPL35;MRPL47;MRPL12;MRPL16;MRPL18;MRPL38;MRPL11;MRPL22;MRPL1;MRPL39;MRPL9;MRPL53;MRPL54;MRPL32;MRPL3;LACTB;MRPL44;MRPL42;MRPL23;MRPL10;MRPL20;MRPL45;MRPL4;MRPL19;MRPL28;MRPL48;MRPL24;MRPL27;MRPL51;MRPL49;MRPL21;MRPL55;MRPL30;MRPL46;MRPL40;MRPL2;MRPL15;MRPL33;MRPL14;MRPL36;MRPL13
Sarcoglycan-sarcospan complex SG-SPN,SGCG;SGCB;SGCD;SSPN;SGCA
PCNA-MutS-alpha-MutL-alpha-DNA complex,PCNA;PMS2;MSH2;MLH1;MSH6
MCM complex,MCM5;MCM3;MCM7;MCM6;MCM2;MCM4
18S U11/U12 snRNP,DHX15;PRPF8;SNRPB;PDCD7;SNRPD2;SF3B3;SNRPE;SF3B6;SF3B5;SNRNP35;ZMAT5;SNRPD1;SNRNP25;SF3B2;SNRPD3;SF3B1;ZCRB1;ZRSR2;SNRPG;YBX1;SF3B4;SNRPF;RNPC3;SNRNP48
BASC complex (BRCA1-associated genome surveillance complex),MRE11;ATM;RAD50;MSH2;MLH1;BRCA1;BLM;RFC1;MSH6;RFC2;RFC4;NBN
BASC (Ab 80) complex (BRCA1-associated genome surveillance complex),MSH2;MLH1;BRCA1;BLM;RFC1;MSH6;RFC2;RFC4
BASC (Ab 81) complex (BRCA1-associated genome surveillance complex),MLH1;BRCA1;ATM;RFC1;RFC2;RFC4
GCN5-TRRAP histone acetyltransferase complex,TAF9;TRRAP;TADA3;TAF10;KAT2A;TAF5L;MSH2;SUPT3H;BRCA1;MSH6
TFTC-type histone acetyl transferase complex,TRRAP;MED16;KAT2A;MED24;MED1;MED14;MED23;ESR1;MED17;MED13;MED12
BP-SMAD complex,GJB6;BACH1;SMAD9;KLF10;TGFBI;MXI1;PSMC3;ERCC3
TFTC complex (TATA-binding protein-free TAF-II-containing complex),TRRAP;TAF9B;TADA3;TAF5L;SUPT3H;TAF4;TAF6L;TAF9;TAF10;KAT2A;SF3B3;TAF7;TAF13;TAF12;ATXN7;TAF2;TAF6;TAF5
TFIID-beta complex,TAF9B;TAF1;TAF4;TBP;TAF9;TAF10;TAF7;TAF13;TAF11;TAF12;TAF2;TAF6;TAF5
PCAF complex,TAF9;TRRAP;TADA3;TAF10;TAF5L;SUPT3H;TADA2A;TAF12;KAT2B;TAF6L
STAGA complex,TRRAP;TADA3;TAF5L;SUPT3H;TAF6L;TAF9;TAF10;KAT2A;SF3B3;TADA1;SUPT7L;TAF12;ATXN7
"TFIID complex, B-cell specific",TAF9;TAF4B;TAF10;TAF1;TAF4;TBP;TAF7;TAF13;TAF11;TAF12;TAF6;TAF5
WIP-WASp-actin-myosin-IIa complex,WAS;ACTA2;MYL12A;WIPF1;MYH9;MYL6
DA complex,TAF9;GTF2A1;TAF10;TAF5;TAF1;TAF4;TBP;TAF7;TAF13;TAF11;TAF12;TAF2;TAF6;GTF2A2;TAF3
DAB complex,TAF9;GTF2A1;TAF10;TAF5;TAF1;TAF4;GTF2B;TBP;TAF7;TAF13;TAF11;TAF12;TAF2;TAF6;GTF2A2;TAF3
KCNQ1 macromolecular complex,KCNQ1;AKAP9;PRKACA;PPP1CA;PRKAR2A
TIP60 histone acetylase complex,RUVBL2;TRRAP;KAT5;RUVBL1;ACTL6A
NuA4/Tip60-HAT complex,MORF4L1;TRRAP;RUVBL1;ING3;ACTL6A;BRD8;EPC1;MRGBP;RUVBL2;KAT5;MEAF6;MORF4L2;YEATS4;EP400;DMAP1;VPS72
DRIP complex,MED26;MED16;MED7;MED24;MED1;MED14;MED23;MED4;RXRB;MED17;MED13;VDR;MED6;MED12
core-histone (H2A/H2B/H3/H4)-TDIF2-TDT complex,H4C1;H4C4;DNTTIP2;H4C15;H2AC20;H4C6;H3C8;DNTT;H4-16;H3C1;H3C7;H4C13;H3C6;H4C14;H3C12;H4C3;H3C3;H3C10;H3C2;H3C11;H4C12;H4C5;H4C2;H4C8;H3C4;H2BC21;H4C11;H4C9
PBAF complex,SMARCD1;BCL7C;SMARCC2;SMARCA2;ACTL6A;SMARCA4;SMARCC1;ARID2;BCL7A;SMARCD2;SMARCB1;PHF10;SMARCE1;PBRM1;BRD7;ACTB
"PBAF complex, BAF200-specific",SMARCD1;SMARCB1;SMARCC2;SMARCE1;ACTL6A;SMARCA4;SMARCC1;ARID2
Decapping complex,DCP2;DCP1A;EDC4;DDX6;EDC3
LSm1-7 complex,LSM3;LSM6;LSM1;LSM5;LSM4;LSM7;LSM2
LSm2-8 complex,LSM3;LSM8;LSM6;LSM5;LSM4;LSM7;LSM2
"F1F0-ATPase, mitochondrial",ATP5ME;ATP5IF1;ATP5PB;MT-ATP6;ATP5F1B;ATP5F1D;ATP5F1A;ATP5MF;ATP5L;ATP5F1C;MT-ATP8;ATP5G1;ATP5PF;ATP5PO;ATP5F1E;ATP5PD
p300-CBP-p270-SWI/SNF complex,SMARCB1;SMARCC2;ARID1A;CREBBP;SMARCA4;SMARCC1;EP300
Mi2/NuRD-BCL6-MTA3 complex,CHD4;MTA3;BCL6;HDAC1;MBD3
NuRD.1 complex,CHD4;HDAC2;HDAC1;MBD3;RBBP4;MTA1;RBBP7
SAP complex (Sin3-associated protein complex),SAP130;HDAC2;HDAC1;RBBP4;SIN3A;SAP30;RBBP7;ARID4B
mSin3A corepressor complex,SAP130;SAP18;SUDS3;HDAC2;HDAC1;RBBP4;SIN3A;SAP30;RBBP7;ARID4B
NRD complex (Nucleosome remodeling and deacetylation complex),CHD4;HDAC2;KDM1A;HDAC1;CHD3;RBBP4;MTA1
CoREST-HDAC complex,PHF21A;HMG20B;HDAC2;ZNF217;KDM1A;HDAC1;RCOR1
LSD1 complex,PHF21A;PHF21B;HMG20B;ZMYM2;RCOR3;HSPA1A;CTBP1;ZNF217;KDM1A;HDAC1;RCOR1;RREB1;HMG20A;HSPA1B
Anti-HDAC2 complex,PHF21A;ZMYM2;CHD4;HMG20B;HDAC2;KDM1A;HDAC1;RCOR1;MTA2;CHD3;RBBP4;GTF2I;SIN3A;ZMYM3;MTA1;RBBP7;GSE1
anti-BHC110 complex,PHF21A;ZMYM2;HMG20B;ZNF217;HDAC1;KDM1A;HDAC2;RCOR1;GTF2I;ZMYM3;GSE1
XFIM complex,HDAC2;HDAC1;KDM1A;GTF2I;ZMYM3
BHC complex,PHF21A;HMG20B;HDAC2;KDM1A;HDAC1;RCOR1
CtBP complex,EHMT2;CDYL;EHMT1;ZEB2;RCOR3;LCOR;ZEB1;ZNF217;KDM1A;CBX4;HDAC1;HDAC2;RCOR1;ZNF516;RREB1;CTBP1;CTBP2
CtBP core complex,EHMT2;EHMT1;ZEB1;HDAC2;KDM1A;HDAC1;RCOR1;CTBP1;CTBP2
HDAC1-associated protein complex,MBD2;KDM1A;HDAC1;RCOR1;MBD3;MTA2;RBBP4;CHD3;RBBP7
HDAC1-associated core complex cII,MBD2;HDAC1;GATAD2A;RCOR1;MTA2;MBD3;RBBP4;CHD3;RBBP7
HDAC2-asscociated core complex,HDAC2;GATAD2A;MTA2;MBD3;RBBP4;CHD3;RBBP7
AP3-BLOC1 complex,BLOC1S4;SNAPIN;AP3M1;DTNBP1;AP3D1;BLOC1S3;BLOC1S2;AP3S1;AP3B1;BLOC1S1;BLOC1S5;BLOC1S6
BLOC1-BLOC2 complex,BLOC1S4;SNAPIN;HPS3;HPS6;DTNBP1;BLOC1S3;BLOC1S2;HPS5;BLOC1S1;BLOC1S5;BLOC1S6
"Retromer complex (SNX1, SNX2, VPS35, VPS29, VPS26A)",VPS29;SNX1;VPS35;VPS26A;SNX2
SIN3-SAP25 complex,SAP130;SAP18;SUDS3;HDAC2;HDAC1;SAP25;RBBP4;SIN3A;SAP30;RBBP7;ARID4B
SIN3-HDAC-SAP30-ARID4 complex,HDAC2;HDAC1;RBBP4;SIN3A;SAP30;RBBP7;ARID4B
BRMS1-mSin3A corepressor complex,HDAC2;HDAC1;BRMS1;RBBP4;SIN3A;SAP30;RBBP7;SIN3B
Brg1-associated complex I,SMARCD1;SMARCB1;SMARCC2;ARID1A;SMARCE1;ACTL6A;SMARCA4;SMARCC1;PRMT5
Brm-associated complex,SMARCD1;SMARCB1;SMARCC2;ARID1A;SMARCA2;SMARCE1;ACTL6A;SMARCC1;PRMT5
BRG1-SIN3A complex,SMARCD1;SMARCB1;SMARCC2;SMARCD2;ARID1A;HDAC2;SMARCE1;ACTL6A;RBBP4;SMARCA4;SIN3A;SMARCC1;SMARCD3;PRMT5
BRM-SIN3A complex,SMARCD1;SMARCB1;SMARCC2;SMARCD2;ARID1A;HDAC2;HDAC1;SMARCA2;SMARCE1;ACTL6A;RBBP4;SIN3A;SMARCC1;SMARCD3;PRMT5
P2X7 receptor signalling complex,SVIL;HSPA8;HSP90AB1;HSPA1A;P2RX7;ITGB2;PI4KA;MPP3;ACTN4;LAMA3;PTPRB;ACTB
DDB2 complex,COPS5;COPS4;COPS6;COPS3;COPS7A;COPS2;COPS8;RBX1;GPS1;CUL4A;DDB2;DDB1
CSA complex,COPS5;COPS4;COPS6;COPS3;COPS7A;COPS2;COPS8;ERCC8;RBX1;GPS1;CUL4A;DDB1
CSA-POLIIa complex,COPS5;COPS4;COPS6;COPS3;COPS7A;COPS2;POLR2A;COPS8;ERCC8;RBX1;GPS1;CUL4A;DDB1
SIN3-ING1b complex I,SAP18;HDAC2;HDAC1;ING1;RBBP4;SIN3A;SAP30;RBBP7;ARID4B
SIN3-ING1b complex II,SMARCD1;SMARCB1;SMARCC2;SAP18;ARID1A;HDAC2;HDAC1;ING1;ACTL6A;RBBP4;SMARCA4;SIN3A;SMARCC1;SAP30;RBBP7;ARID4B
NCOR-HDAC3 complex,GPS2;HDAC3;NCOR1;TBL1X;TBL1XR1
"eIF3 complex (EIF3S6, EIF3S5, EIF3S4, EIF3S3, EIF3S6IP, EIF3S2, EIF3S9, EIF3S12,  EIF3S10, EIF3S8,  EIF3S1, EIF3S7)",EIF3G;EIF3D;EIF3J;EIF3K;EIF3F;EIF3C;EIF3E;EIF3A;EIF3I;EIF3L;EIF3B;EIF3H
UTM-SGCE-DAG1-CAV1-NOS3 complex,NOS3;DAG1;SGCE;CAV1;UTRN
"Exon junction complex (EIF4A3, MLN51, UPF3B, MAGOH, Y14)",UPF3B;RBM8A;MAGOH;EIF4A3;CASC3
"Exon junction complex (EIF4A3, MLN51, UPF3B, MAGOH, Y14, PYM)",UPF3B;RBM8A;PYM1;MAGOH;EIF4A3;CASC3
TREX complex,THOC6;THOC5;THOC7;ALYREF;THOC3;DDX39B;THOC1;THOC2
THO complex,THOC6;THOC5;THOC7;THOC1;THOC2
Exon junction complex,UPF3B;UPF2;RNPS1;NXF1;ALYREF;SRRM1;RBM8A;DDX39B;MAGOH;EIF4A3
LARC complex (LCR-associated remodeling complex),CHD4;HDAC1;GATAD2B;ACTL6A;SMARCA4;DPF2;SMARCE1;ACTB;SMARCC2;MBD2;ARID1A;MBD3;SMARCC1;HNRNPC;SMARCB1;SMARCD2;HDAC2;MTA2;RBBP4
URI complex (Unconventional prefoldin RPB5 Interactor),RUVBL2;RUVBL1;POLR2E;PFDN2;STAP1;URI1;CUL1;SKP1;SKP2
NuA4/Tip60-HAT complex B,RUVBL2;MORF4L1;TRRAP;KAT5;RUVBL1;ACTL6A;EPC1;DMAP1
Exosome,EXOSC8;DIS3;EXOSC4;EXOSC3;EXOSC5;EXOSC7;EXOSC1;EXOSC10;EXOSC2;MPHOSPH6;EXOSC6;DIS3L;EXOSC9
NuA4/Tip60-HAT complex A,RUVBL2;MORF4L1;TRRAP;KAT5;RUVBL1;MEAF6;ING3;YEATS4;ACTL6A;EPC2;EP400;BRD8;EPC1;DMAP1;MRGBP
DMAP1-associated complex,RUVBL2;TRRAP;RUVBL1;ACTL6A;EP400;BRD8;SRCAP;EPC1;DMAP1;VPS72
BRG1-SIN3A-HDAC containing SWI/SNF remodeling complex I,SMARCD1;SMARCB1;SMARCC2;ARID1A;HDAC2;SMARCE1;ACTL6A;SMARCA4;SIN3A;SMARCC1;PRMT5
BRM-SIN3A-HDAC complex,SMARCD1;SMARCB1;SMARCC2;SMARCD2;ARID1A;HDAC2;SMARCA2;SMARCE1;ACTL6A;SIN3A;SMARCC1;PRMT5
BRG1-associated complex,SMARCD1;SMARCB1;SMARCC2;ARID1A;SMARCE1;ACTL6A;SMARCA4;SMARCC1;PRMT5
BRM-associated complex,SMARCD1;SMARCB1;SMARCC2;SMARCD2;ARID1A;SMARCA2;SMARCE1;ACTL6A;SMARCC1;PRMT5
FCP1-associated protein complex,STK38;ERH;WDR77;CTDP1;POLR2B;GTF2F1;PRMT5
Postsplicing complex,UPF3A;UPF3B;UPF1;UPF2;RNPS1;NXF1;RBM8A
"mRNA decay complex (UPF1, UPF2, UPF3B, DCP2, XRN1, XRN2, EXOSC2, EXOSC4, EXOSC10, PARN)",DCP2;UPF3B;XRN2;UPF1;UPF2;XRN1;EXOSC4;EXOSC10;EXOSC2;PARN
Anti-SMN protein complex,SMN2;GEMIN4;DDX20;SNRPB;GEMIN2;SMN1
Anti-Sm protein complex,CLNS1A;GEMIN4;SMN2;DDX20;SNRPB;GEMIN2;SMN1;PRMT5
20S methylosome and RG-containing Sm protein complex,CLNS1A;SNRPD1;SNRPD3;SNRPB;SNRPD2;PRMT5
6S methyltransferase and RG-containing Sm proteins complex,CLNS1A;SNRPD1;SNRPE;SNRPD3;SNRPB;SNRPF;SNRPG;SNRPD2
"RICH1/AMOT polarity complex, Flag-Rich1 precipitated",PATJ;CAPZB;SH3KBP1;AMOT;CD2AP;CAPZA1;ARHGAP17;PALS1
"RICH1/AMOT polarity complex, Flag-Amot precipitated",PATJ;MPP7;AMOT;AMOTL2;ARHGAP17;AMOTL1;MPDZ;PALS1
TRAP-SMCC mediator complex,MED11;MED22;MED29;MED1;MED19;MED4;MED25;MED17;MED18;MED8
BRAF53-BRCA2 complex,PHF21A;HMG20B;HDAC2;KDM1A;HDAC1;RCOR1;BRCA2
"SNARE complex (STX6, STX16, VAMP4, VTI1a, VTI1b)",VAMP4;STX6;VTI1B;STX16;VTI1A
MTA1 complex,HDAC2;HDAC1;MBD3;RBBP4;MTA1;RBBP7
MTA2 complex,CHD4;HDAC2;HDAC1;MTA2;MBD3;RBBP4;SIN3A;RBBP7
MTA1-HDAC core complex,HDAC2;HDAC1;RBBP4;MTA1;RBBP7
Mediator complex 1,MED14;MED23;CCNC;MED6;CDK8
KIF3A/B-PAR-3-aPKC-PAR-6 complex,PARD3;KIF3A;PARD6A;PRKCI;KIF3B
ARC92-Mediator complex,MED26;MED15;MED16;MED7;MED1;MED14;MED23;MED25;MED17;MED13;MED6;MED12;CDK8
CRSP-Mediator 2 complex,MED16;MED15;MED7;MED24;MED14;MED23;MED4;MED17;MED18;MED6
Toposome,SRPK1;PRPF8;DDX21;SSRP1;DHX9;TOP2A;HNRNPC
CENP-A NAC complex,CENPT;CENPH;CENPM;CENPU;CENPN;CENPB;CENPC
CEN complex,CBX3;HSPA8;RNF2;CENPH;NUP93;SRRT;RING1;CUL4A;FBL;PLPPR3;CENPU;DHX38;RSF1;WTAP;CENPC;VIRMA;CENPL;SHCBP1;KIF23;CENPO;CENPK;HSPA5;CBX8;BMI1;WDR11;CENPM;SUPT16H;CENPI;RACGAP1;DDB1;SMARCA5;SSRP1;CENPA;CENPB;ZFP91;COBLL1;ZC3H13
"FACT complex, UV-activated",CSNK2B;CSNK2A1;SSRP1;SUPT16H;CSNK2A2
EED-EZH2 complex,EZH2;EED;RBBP4;AEBP2;SUZ12
GAA1-GPI8-PIGT-PIG-PIGS complex,PIGT;PIGK;GPAA1;PIGU;PIGS
Polycomb repressive complex 2/3,EZH2;EED;RBBP4;SUZ12;RBBP7
RC complex (Replication competent complex),RFC3;RFC5;CCNA2;POLA2;CDK2;POLA1;RFC2;RFC4;RFC1
"RC complex, S-phase-specific",RFC2;PARP1;LIG1;RPA1;POLD1;CCNA2;RPA2;RPA3;CDK2;POLE;POLA1;TOP1;RFC1
RC complex during G2/M-phase of cell cycle,RFC2;CCNB1;PARP1;RPA1;POLD1;CCNA2;RPA2;RPA3;POLE;CDK1;POLA1;TOP1;RFC1
ORC complex (origin recognition complex),ORC4;ORC1;ORC6;ORC5;ORC3;ORC2
TFIIH transcription factor core complex,GTF2H3;GTF2H4;GTF2H1;ERCC3;GTF2H2
ORC 1-5 complex (origin recognition 1-5 complex),ORC4;ORC1;ORC5;ORC3;ORC2
"Retromer complex (SNX1, SNX2, VPS35, VPS29, VPS26B)",VPS29;SNX1;VPS26B;VPS35;SNX2
12S U11 snRNP,SRSF7;SNRNP35;SNRPD1;PDCD7;SNRNP25;YBX1;SNRPE;SNRPD3;SNRPB;SNRPF;TOE1;PRKRIP1;SNRNP48;SNRPG;SNRPD2
DNA repair complex NEIL2-PNK-Pol(beta)-LigIII(alpha)-XRCC1,POLB;PDXK;NEIL2;XRCC1;LIG3
DNA repair complex NEIL1-PNK-Pol(beta)-LigIII(alpha)-XRCC1,POLB;NEIL1;PDXK;XRCC1;LIG3
"SNX complex (SNX1, SNX1a, SNX2, SNX4, LEPR)",SNX2;LEPR;SNX4;SNX1
"SNX complex (SNX1, SNX1a, SNX2, SNX4, INSR)",SNX2;INSR;SNX1;SNX4
Frataxin complex,HSPA9;LYRM4;HSPD1;AFG3L2;ATP5L;FXN;SDHA
"SNX complex (SNX1, SNX1a, SNX2, SNX4, EGFR)",SNX2;EGFR;SNX1;SNX4
"SNX complex (SNX1, SNX1a, SNX2, SNX4, PDGFRA)",SNX2;SNX1;PDGFRA;SNX4
"eIF3 complex (EIF3S6, EIF3S5, EIF3S4, EIF3S3, EIF3S6IP, EIF3S2, EIF3S9, EIF3S12,  EIF3S10, EIF3S8,  EIF3S1, EIF3S7, PCID1)",EIF3G;EIF3D;EIF3J;EIF3K;EIF3M;EIF3F;EIF3C;EIF3E;EIF3A;EIF3I;EIF3L;EIF3B;EIF3H
DNA synthesome complex (13 subunits),PCNA;POLD2;PRIM1;RPA1;POLD1;POLD4;POLA2;PRIM2;TOP2A;POLD3;POLA1;TOP1;RFC1
transcription factor IIIC multisubunit complex,GTF3C4;GTF3C1;GTF3C5;GTF3C2;GTF3C3
TFIIIC containing-TOP1-SUB1 complex,GTF3C4;GTF3C1;GTF3C5;SUB1;GTF3C2;GTF3C3;TOP1
DNA synthesome core complex,PCNA;POLD2;PRIM1;POLD1;POLD4;POLA2;PRIM2;POLD3;POLA1;RFC1
DNA synthesome complex (15 subunits),POLE3;PCNA;POLD2;PRIM1;LIG1;POLD1;POLA1;POLA2;POLD4;POLE4;PRIM2;POLE;POLD3;RFC1;POLE2
DNA synthesome complex (17 subunits),POLE3;PCNA;POLD2;PRIM1;RPA1;POLD1;POLD4;POLA2;POLE4;PRIM2;POLE;TOP2A;POLD3;POLA1;TOP1;RFC1;POLE2
5S-DNA-TFIIIA-TFIIIC2 subcomplex,GTF3C4;GTF3C1;GTF3C5;GTF3A;GTF3C2;GTF3C3
5S-DNA-TFIIIA-TFIIIC2-TFIIIB subcomplex,GTF3C4;GTF3C1;BRF1;GTF3C5;GTF3A;BDP1;TBP;GTF3C2;GTF3C3
CF IIAm complex (Cleavage factor IIAm complex),PTBP1;DHX16;SFPQ;U2AF1;MRE11;CPSF3;GTF2H4;CLP1;TJP1;CPSF6;ERCC3;U2AF2;PCF11;CPSF7;CAPRIN1;NUDT21
SMN complex (16 subunits),SMN1;SNRPD1;GEMIN4;SMN2;GEMIN7;SNRPE;GEMIN8;SNRPD3;DDX20;SNRPB;GEMIN2;SNRPF;GEMIN5;SNRPG;SNRPD2;STRAP;GEMIN6
Cleavage and polyadenylation factor (CPSF),FIP1L1;CPSF1;CPSF3;CPSF4;CPSF2
"Polyadenylation complex (CSTF1, CSTF2, CSTF3, SYMPK CPSF1, CPSF2, CPSF3)",CPSF1;SYMPK;CSTF1;CPSF3;CSTF2;CPSF2;CSTF3
Histone H3.1 complex,H4C1;H4C4;NASP;H4C15;IPO4;H4C6;H3C8;H4-16;H3C1;H3C7;H4C13;HAT1;CHAF1B;H3C6;H4C14;H3C12;H4C3;H3C3;H3C10;CHAF1A;H3C2;H3C11;H4C12;H4C5;H4C2;H4C8;H3C4;ASF1B;ASF1A;H4C11;RBBP4;H4C9
Histone H3.3 complex,H4C1;H4C4;H3-3B;NASP;H3-3A;H4C15;IPO4;HIRA;H4C6;H4-16;H4C13;HAT1;H4C14;H4C3;H4C12;H4C5;H4C2;H4C8;ASF1B;ASF1A;H4C11;RBBP4;H4C9
FA complex (Fanconi anemia complex),FANCA;FANCM;FANCC;FANCL;FANCB;FANCF;BLM;TOP3A;FANCE;RMI1;RPA1;FANCG
Integrator complex,INTS12;INTS11;INTS3;INTS7;INTS6;INTS4;INTS2;INTS10;INTS8;INTS5;INTS9;INTS1
DSS1 complex,INTS11;INTS7;INTS6;INTS4;SAC3D1;INTS2;SEM1;BRCA2;INTS8;INTS5;INTS10;INTS9;LENG8
Integrator-RNAPII complex,INTS12;INTS11;INTS3;INTS7;INTS6;INTS4;INTS9;POLR2A;INTS2;INTS10;INTS8;INTS5;POLR2B;INTS1
"Ubiquitin E3 ligase (DDB1, DDB2, CUL4A, CUL4B, RBX1)",CUL4B;RBX1;CUL4A;DDB2;DDB1
p400-associated complex,RUVBL2;TRRAP;RUVBL1;ACTL6A;EP400;ACTB
Paf complex,PAF1;WDR61;CDC73;CTR9;LEO1
c-MYC-ATPase-helicase complex,RUVBL2;TRRAP;RUVBL1;MYC;ACTL6A
NCBP1-NCBP2-PHAX-RAN-XPO1 complex,PHAX;NCBP1;NCBP2;RAN;XPO1
BCOR complex,RYBP;KDM2B;HSPA8;RNF2;PCGF1;BCOR;RING1;SKP1
CENP-A NAC-CAD complex,CENPP;CENPT;CENPH;CENPM;CENPU;CENPS;CENPN;CENPB;CENPC;CENPL;CENPO;CENPK;CENPQ;ITGB3BP
C complex spliceosome,MTREX;DDX41;HNRNPU;SNRPB;SYNCRIP;DDX5;LSM3;SNRPD1;WDR83;PRPF19;SF3B2;HNRNPK;SF3B1;SLU7;XAB2;HNRNPF;PPWD1;CWC22;SF3A1;PABPC1;HNRNPA2B1;TFIP11;SNRPD2;HNRNPA1;SF3B3;DHX35;SNRNP200;SF3A3;CACTIN;CRNKL1;HNRNPC;CWC27;PLRG1;SNRPB2;CWC15;PPIE;PRPF8;ALYREF;RALY;RBM8A;HNRNPH1;MAGOH;CDC5L;SNRNP40;GPATCH1;RBM22;PPIL1;ESS2;SNRPE;DHX38;SYF2;SRRM1;AQR;PNN;EFTUD2;RBMX;PRPF4B;SNRPD3;HNRNPM;SRSF1;SF3A2;SNRPA1;DDX23;CDC40;SNW1;PRPF6;PPIL3;FRG1;EIF4A3;SART1;DHX8;HNRNPA3;ZCCHC8;ISY1;HNRNPR;LSM2;SNRPG;U2AF1;SNRPF;SRRM2
CDC5L core complex,BCAS2;HSPA8;PLRG1;PRPF19;GCN1;CDC5L
CDC5L complex,DYNC1H1;HSPA8;PRKDC;CDC5L;SNRPD2;SCAF8;PPM1D;SRRM1;BZW1;SRSF2;BCAS2;SFPQ;SNRPD1;RBMX;PRPF19;SF3B2;SFI1;SNRPD3;SF3B1;SRSF1;PPP1CA;TOP2A;PLRG1;SNRPA1;SNRPA;CWC15;TCF4;SF3B4;GCN1;ILF2
ESCRT-III complex,CHMP2A;CHMP1B;CHMP4A;CHMP4B;CHMP1A;CHMP4C;CHMP2B;CHMP6;CHMP3;CHMP5
DNA double-strand break end-joining complex,XRCC4;RAD50;NBN;LIG4;XRCC5;MRE11;XRCC6
RNA pol II containing coactivator complex Tat-SF,POLR2A;NCL;SUPT5H;CDK9;HTATSF1
Rap1 complex,RAD50;PARP1;TERF1;TINF2;TERF2;TERF2IP;ACD;XRCC5;POT1;MRE11;XRCC6
E2F-6 complex,EHMT2;L3MBTL2;RNF2;EHMT1;E2F6;PCGF6;MGA;TFDP1;RING1;YAF2;GJB3;MAX
Oligosaccharyltransferase complex (Stt3A variant),DDOST;RPN2;DAD1;RPN1;MAGT1;STT3A
Oligosaccharyltransferase complex (Stt3B variant),DDOST;RPN2;DAD1;STT3B;RPN1;TUSC3;MAGT1
"TRF-Rap1 complex I, 2MD",TERF1;TINF2;TERF2;TERF2IP;TNKS;POT1
"Ubiquitin E3 ligase (AHR, ARNT, DDB1, TBL3, CUL4B, RBX1)",CUL4B;ARNT;RBX1;TBL3;AHR;DDB1
"Ubiquitin E3 ligase (DET1, DDB1, CUL4A, RBX1, COP1)",RBX1;DET1;CUL4A;COP1;DDB1
"H2AX complex, isolated from cells without IR exposure",H4C1;H4C4;PABPC1;CALR;H2AX;H4C15;CALM1;NPM1;H4C6;HNRNPR;H4-16;HSPA5;H4C13;H4C14;SUPT16H;H4C3;EIF3L;H4C12;H4C5;H4C2;H4C8;SSRP1;H2BU1;H4C11;SSB;H4C9
H2AX complex I,NPM1;HSPA5;PARP1;DHX30;H2BU1;CALR;H2AX
H2AX complex II,H4C1;H4C4;CALR;H2AX;H4C15;NPM1;H4C6;H4-16;PTCD3;HSPA5;H4C13;H4C14;H4C3;H4C12;H4C5;H4C2;YBX3;H4C8;H2BU1;H4C11;H2BC14;H4C9;H2BC3
WINAC complex,SMARCD1;SMARCB1;SMARCC2;ARID1A;SMARCA2;SMARCE1;SUPT16H;ACTL6A;CHAF1A;SMARCA4;BAZ1B;VDR;TOP2B;SMARCC1
FIB-associated protein complex,TUBA1A;C1QBP;PRMT1;TUBB1;PRMT5;FBL
EBAFb complex,SMARCD1;SMARCB1;SMARCC2;SMARCD2;SMARCE1;ACTL6A;ARID1B;MLLT1;SMARCA4;SMARCC1
EBAFa complex,SMARCD1;SMARCB1;SMARCC2;SMARCD2;ARID1A;SMARCE1;ACTL6A;MLLT1;SMARCA4;SMARCC1
Menin-associated histone methyltransferase complex,KMT2B;DPY30;ASH2L;MEN1;POLR2B;WDR5;RBBP5
MLL-HCF complex,RBBP5;HCFC1;ASH2L;MEN1;SERPIND1;WDR5;KMT2A
ALL-1 supercomplex,SYMPK;HDAC1;CHD3;SAP30;RBBP7;TAF9;TAF12;CPSF2;WDR5;TAF6;EFTUD2;SMARCC2;TAF1;KDM1A;SMARCA2;MBD3;TBP;SMARCC1;RAN;SMARCA5;SMARCB1;SAP18;HDAC2;KMT2A;MTA2;RBBP4;SIN3A;RBBP5
SRm160/300 complex,SNRPA1;SNRNP70;TRA2B;SRRM1;SRRM2
Multiprotein bridging complex (translationally coupled mRNA turnover),PABPC1;SYNCRIP;CSDE1;HNRNPD;PAIP1
EIF4G1-HSP70-HSPA8-HNRNPD-PABPC1 complex,PABPC1;HSPA8;None;EIF4G1;HNRNPD
"Transcription initiation factor complex (TAF1, TAF5, TAF11, TAF12, TBP)",TAF1;TBP;TAF12;TAF11;TAF5
"Transcription initiation factor complex (TAF5, TAF6, TAF9, TAF11, TBP)",TAF9;TBP;TAF11;TAF6;TAF5
Large Drosha complex,DHX15;SRPK1;HNRNPU;RALY;HNRNPH1;TAF15;DDX5;EWSR1;DGCR8;DDX3X;HNRNPM;DDX17;DDX1;DROSHA;HNRNPUL1;ILF3;HNRNPDL;ILF2;FUS;TARDBP
SNW1 complex,SNRNP200;SFPQ;PRPF8;HSPA5;UBR5;MSH2;HNRNPU;DDX23;ABCF2;SNW1;PFKL;EEF1G;MATR3;DDB1;EEF1A1;CDC5L;TUBB;EFTUD2
Rb-tal-1-E2A-Lmo2-Ldb1 complex,TCF3;RB1;LMO2;LDB1;TAL1
ASCOM complex,TUBA4A;KMT2D;NCOA6;KMT2C;TUBB;ASH2L;RBBP5
MOF complex,TAF9;SETD1A;RNF2;RBBP5;KMT2D;TAF1;KAT8;WDR5;TAF6;KMT2A
NCOR1 complex,SMARCB1;SMARCC2;SF3B3;HDAC3;NCOR1;SMARCA4;SRCAP;SF3A1;TRIM28;SMARCC1
Mis12 centromere complex,PMF1;MIS12;ZWINT;NSL1;CBX5;DSN1
SMAD3/4-E2F4/5-p107-DP1 complex,RBL1;E2F4;E2F5;SMAD4;SMAD3;TFDP1
BHC110 complex,PHF21A;ZMYM2;HMG20B;ZNF217;KDM1A;HDAC1;HDAC2;RCOR1;ZNF516;GSE1
PID complex,CHD4;HDAC1;MTA2;MBD3;RBBP4
NCOR2 complex,HDAC2;HDAC3;HDAC1;NCOR1;NCOR2;SIN3A;SAP30
FA core complex 1,FANCA;FANCE;FANCC;FANCF;FANCG
CTCF-nucleophosmin-PARP-HIS-KPNA-LMNA-TOP complex,NPM1;PARP1;CTCF;KPNA1;H2AC18;H2AC19;LMNA;TOP2A;KPNA3;H2AZ1
TLE1 corepressor complex (MASH1 promoter-corepressor complex),RAD50;NPM1;NONO;TLE1;PARP1;HSPA4;NCL;MYH10;TOP2B;ACTB
SF3b complex,PHF5A;SF3B3;SF3B2;SF3B4;SF3B6;SF3B1;SF3B5;DDX42
SMN complex,SNRPD1;SMN2;GEMIN7;DDX20;SNRPD3;SNRPB;GEMIN5;SNRPG;SMN1;SNRPD2;GEMIN4;SNRPA;SNRPE;SNRPN;GEMIN2;SNRPF;STRAP;GEMIN6
SMN containing complex,LGALS1;SMN1;SNRPD1;GEMIN4;SMN2;LGALS3;SNRPD3;GEMIN2;SNRPD2
SMN-PolII-RHA complex,GEMIN4;DDX20;SNRPB2;SNRPN;POLR2A;GTF2B;SNRPB;GEMIN2;TBP;DHX9
CPSF6-ITCH-NUDT21-POLR2A-UBAP2L complex,POLR2A;ITCH;UBAP2L;CPSF6;NUDT21
CPSF6-EWSR1-ITCH-NUDT21-POLR2A-UBAP2L complex,EWSR1;POLR2A;ITCH;UBAP2L;CPSF6;NUDT21
CASP8-CHUK-IKBKB-MALT1-BCL10 complex,CASP8;IKBKB;BCL10;CHUK;MALT1
NFKB1-NFKB2-REL-RELA-RELB complex,REL;NFKB2;NFKB1;RELB;RELA
"IkappaB kinase complex (IKBKB, CHUK, IKBKAP, NFKBIA, RELA, MAP3K14)",IKBKB;CHUK;ELP1;NFKBIA;MAP3K14;RELA
COP9 signalosome complex,COPS5;COPS4;COPS6;COPS3;COPS7A;COPS8;COPS2;GPS1
CNS-P53 complex,COPS5;COPS4;COPS6;COPS3;TP53;COPS7A;COPS2;COPS8;GPS1
KAISO-NCOR complex,CORO2A;GPS2;KDM4A;HDAC3;NCOR1;ZBTB33;TBL1X;KIF11;TRIM33;TBL1XR1
"Ubiquitin E3 ligase (CDC34, NEDD8, BTRC, CUL1, SKP1A, RBX1)",NEDD8;RBX1;BTRC;CUL1;SKP1
"Ubiquitin E3 ligase (SMAD3, BTRC, CUL1, SKP1A, RBX1)",RBX1;BTRC;SMAD3;CUL1;SKP1
CHTF18-RFC2-5 complex,RFC2;CHTF18;RFC5;RFC3;RFC4
PCNA-RFC2-5 complex,RFC2;PCNA;RFC5;RFC3;RFC4
BRD4-RFC complex,RFC3;RFC5;BRD4;RFC1;RFC2;RFC4
BARD1-BRCA1-CSTF complex,CSTF1;BRCA1;BARD1;CSTF2;CSTF3
MDC1-MRN-ATM-FANCD2 complex,FANCD2;RAD50;MDC1;ATM;MRE11;NBN
MSH2/6-BLM-p53-RAD51 complex,TP53;MSH2;RAD51;BLM;MSH6
ASF1-interacting protein complex,H3C1;H3C4;HIRA;H3C7;ASF1B;ASF1A;CHAF1B;H3C6;H3C12;H3C3;H3C8;H3C10;CHAF1A;H3C2;H3C11
ASF1-histone containing complex,H3C1;H3C4;H3C7;ASF1B;ASF1A;CHAF1B;H3C6;CHEK2;H3C12;NASP;H3C3;H3C8;H3C10;H3C2;ST13;H3C11
ITGA6-ITGB4-Laminin10/12 complex,ITGA6;LAMB1;LAMB2;LAMA5;LAMC1;ITGB4
"CIN85 complex (CIN85, CRK, BCAR1, CBL, PIK3R1, GRB2, SOS1)",SOS1;SH3KBP1;GRB2;BCAR1;CRK;CBL;PIK3R1
"LAT-PLC-gamma-1-p85-GRB2-CBL-VAV-SLP-76 signaling complex, C305 activated",VAV1;LCP2;PLCG1;GRB2;LAT;CBL;PIK3R1
Class C VPS/HOPS complex,VPS11;RAB5A;VPS18;VPS16;EEA1;VPS39
POLR2A-CCNT1-CDK9-NCL-LEM6-CPSF2 complex,CCNT1;POLR2A;CPSF2;NCL;CDK9;PPARGC1A
BRD4 complex,CCNT1;MED24;MED1;MED14;MED17;BRD4;CDK9;MED12
CCNC-CDK8-MED1-MED6-MED7 xcomplex,MED7;MED1;CCNC;MED6;CDK8
HES1 promoter corepressor complex,RBPJ;POLR2A;CDK7;CREBBP;SUPT6H;EP300
HES1 promoter-Notch enhancer complex,RBPJ;MAML1;CCNT1;NOTCH1;INPP5K;MED1;POLR2A;SUPT16H;SUPT6H;CDK9;CDK8;CDK7;EP300
ESR1-CDK7-CCNH-MNAT1-MTA1-HDAC2 complex,CCNH;MNAT1;HDAC2;ESR1;MTA1;CDK7
RNA polymerase II (RNAPII),POLR2H;POLR2L;POLR2E;POLR2J;CTDP1;POLR2A;GTF2F2;GTF2B;RPAP1;POLR2G;POLR2I;POLR2F;POLR2C;POLR2B;GTF2F1;POLR2K;POLR2D
BRCA1-core RNA polymerase II complex,POLR2H;POLR2L;POLR2E;POLR2J;POLR2A;BRCA1;POLR2I;POLR2G;POLR2F;POLR2C;POLR2B;POLR2K;POLR2D
"Ubiquitin E3 ligase (CUL1/2/3, CSN1/8, RBX1, SKP1/2)",CUL3;CUL1;COPS8;RBX1;GPS1;CUL2;SKP1;SKP2
HCF-1 complex,SETD1A;HSPA8;OGT;HSPA5;WDR5;SUDS3;HSPA4;HCFC1;HDAC1;HDAC2;ASH2L;SP1;HSP90AA1;RBBP4;SIN3A;SAP30;RBBP7;SIN3B
SRC-3 complex,RO60;IKBKB;CHUK;NCOA2;NCOA3;CREBBP;IKBKG
Set1B complex,WDR82;DPY30;HCFC2;SETD1B;OGT;BOD1L1;HCFC1;BOD1;CXXC1;ASH2L;WDR5;RBBP5
Set1A complex,WDR82;DPY30;HCFC2;SETD1A;OGT;HCFC1;CXXC1;ASH2L;WDR5;RBBP5
BLM complex II,RMI1;RPA1;RPA3;RPA2;BLM;TOP3A
17S U2 snRNP,DHX15;HMG20B;TRAP1;PHF5A;HSPD1;CHERP;SNRPB;U2AF2;SNRPD2;PUF60;SF3B3;SNRPE;SF3B6;SF3B5;SNRPD1;SF3A3;SF3B2;U2SURP;SNRPD3;SF3B1;SRSF1;DNAJC8;SNRPG;RBM17;U2AF1;SF3A2;SNRPA1;SNRPB2;SF3B4;SNRPF;SMNDC1;SF3A1;DDX46
"SMN complex, U7 snRNA specific",LSM10;SNRPE;SNRPD3;SNRPB;SNRPF;LSM11;SNRPG
TERF2-RAP1 complex,RAD50;TINF2;TERF2;TERF2IP;XRCC5;MRE11;XRCC6
PCNA-CHL12-RFC2-5 complex,RFC2;PCNA;CHTF18;RFC5;RFC3;RFC4
CTF18-cohesion-RFC complex,RFC2;CHTF18;RFC5;DSCC1;CHTF8;RFC3;RFC4
BRCA1-BARD1-BACH1-DNA damage complex II,BACH1;RBBP8;RAD50;BRCA1;BARD1;TOPBP1;MRE11;NBN
BRCA1-BARD1-BACH1-DNA damage complex I,BACH1;MLH1;BRCA1;BARD1;MSH6;TOPBP1
BRCA1-RNA polymerase II complex,GTF2H1;POLR2A;BRCA1;MED21;POLR2C;POLR2B;GTF2H2;GTF2H3;POLR2L;ERCC2;GTF2F2;ERCC3;POLR2I;POLR2H;POLR2E;GTF2E1;TBP;GTF2E2;POLR2F;POLR2G;GTF2F1;POLR2J;GTF2H4;GTF2B;POLR2K;POLR2D
RSmad complex,SMARCC2;ARID1B;NCOA3;SMAD4;SMAD3;SMARCA4;CREBBP;SMARCC1;TRIM33;SMAD2
ING2 complex,SAP130;BRMS1L;SUDS3;HDAC2;HDAC1;BRMS1;RBBP4;ARID4A;SIN3A;ING2;SAP30;RBBP7;ARID4B
NuA4/Tip60 HAT complex,MORF4L1;TRRAP;RUVBL1;ING3;ACTL6A;EPC2;BRD8;EPC1;RUVBL2;KAT5;MEAF6;YEATS4;EP400;DMAP1
"ING5 (BRPF1, MOZ, MORF) complex",ING5;KAT6B;MEAF6;BRPF1;KAT6A
ITGA2b-ITGB3-CD9-GP1b-CD47 complex,GP1BA;ITGA2B;ITGB3;CD47;CD9
"Respiratory chain complex I (early intermediate NDUFAF1 assembly), mitochondrial",NDUFB6;NDUFA9;MT-ND1;NDUFA6;NDUFS3;NDUFAF1;NDUFS7
"Respiratory chain complex I (intermediate V/380kD and VI/480kD), mitochondrial",NDUFS2;NDUFA2;NDUFA9;MT-ND1;NDUFS3
"Respiratory chain complex I (intermediate VII/650kD), mitochondrial",NDUFS2;NDUFA2;NDUFA9;MT-ND1;NDUFV2;NDUFA6;NDUFS3;NDUFS4;NDUFS5;NDUFS7
"Respiratory chain complex I (intermediate), mitochondrial",NDUFS2;NDUFA2;NDUFB6;NDUFA9;MT-ND1;NDUFV2;NDUFA6;NDUFS3;NDUFS4;NDUFS5;NDUFS7
"Respiratory chain complex I (beta subunit), mitochondrial",NDUFA4;NDUFB6;NDUFB5;NDUFB11;NDUFC2;NDUFB8;NDUFB4;MT-ND4;NDUFB2;NDUFB9;NDUFB1;NDUFB7;NDUFB10;MT-ND5;NDUFB3;NDUFAB1
"Respiratory chain complex I (gamma subunit), mitochondrial",NDUFA9;MT-ND2;MT-ND1;MT-ND3;MT-ND4L;NDUFA8;NDUFA10;NDUFA6;NDUFA1;NDUFC1;MT-ND6;NDUFS5;NDUFA3
"Respiratory chain complex I (lambda subunit), mitochondrial",NDUFA7;NDUFA12;NDUFS2;NDUFA2;NDUFV3;NDUFV2;NDUFS6;NDUFS1;NDUFA11;NDUFV1;NDUFS3;NDUFS4;NDUFA5;NDUFS8;NDUFA13;NDUFS7
"LAT-PLC-gamma-1-p85-GRB2-SOS signaling complex, C305 activated",SOS1;PLCG1;GRB2;LAT;PIK3R1
"Ecsit complex (ECSIT, GAPDH, MT-CO2, NDUFAF1, TRAF6)",TRAF6;ECSIT;NDUFAF1;MT-CO2;GAPDH
"Ecsit complex (ECSIT, MT-CO2, MT-ND1, NDUFA1, NDUFAF1, TRAF6)",MT-ND1;TRAF6;NDUFA1;ECSIT;NDUFAF1;MT-CO2
"Respiratory chain complex I (incomplete intermediate), mitochondrial",NDUFS2;NDUFA9;NDUFV3;NDUFV2;NDUFS6;NDUFB8;NDUFS1;NDUFV1;NDUFA10;NDUFS4;NDUFS7
SMAD3-E2F4/5-p107-DP1 complex,RBL1;E2F4;E2F5;SMAD3;TFDP1
"p27-cyclinE-Cdk2 - Ubiquitin E3 ligase (SKP1A, SKP2, CUL1, CKS1B, RBX1) complex",CCNE1;CDKN1B;CDK2;RBX1;CKS1B;CUL1;SKP1;SKP2
"Ubiquitin E3 ligase (SKP1A, SKP2, CUL1, CKS1B, RBX1)",RBX1;CKS1B;CUL1;SKP1;SKP2
Multisynthetase complex,QARS1;MARS1;AIMP1;AIMP2;DARS1;IARS1;LARS1;RARS1;EPRS1;EEF1E1;KARS1
hs4 enhancer complex (faster migrating complex),RELA;NFKB1;YY1;POU2F2;POU2F1
Nop56p-associated pre-rRNA complex,SRPK1;RPL29;HNRNPU;RPS16;RPS2;RPS13;RPL13A;RPS15;RPL9P7;ACTA2;RPL30;RPLP0;RPS18;DDX21;TCOF1;NOLC1;EEF1A1;EBNA1BP2;RPLP2;RPS11;RPL10;RPL32;RPL9;RPS6;YBX1;H2BC14;RPL9P9;RPL5;RPL3;MYBBP1A;TOP1;RPS24;RPS29;RSL1D1;RPS14;RPL12;HNRNPA1;SLC25A5;RPL7;RPL9P8;ACTG2;RPL19;RPL27A;BRIX1;RPS23;RPS8;RPS17;RPL24;RPS3A;RPL18;RPL37A;RPL23;ILF3;RPL23A;SNU13;RPL39;NOP56;RPL21;RPL11;RPL6;RPL31;IGF2BP1;H1-3;RPL8;RPL36;RPS7;RPL4;TUFM;RPL13;RPL15;HNRNPM;RPL35A;RPS15A;EEF2;RPLP1;RPL22;RPL28;TUBB1;H1-10;SCYL2;PWP1;RPL36A;U2AF2;RPL14;RPL18A;FBL;RPL7A;NPM1;NOP58;RPS9;RPL27;RPL10A;SRP14;NAP1L1;TUBA1A;RPS12;GNL3;RBM28;RPL35;LUC7L2;U2AF1;RPL17;NCL;RPL26;DHX9;ILF2;LYAR
"RNA polymerase II complex (RPB1, RAP74, CDK8, CYCC, SRB7, BAF190, BAF47), chromatin structure modifying",SMARCB1;SMARCA2;POLR2A;CCNC;MED21;CDK8;GTF2F1
"RNA polymerase II complex (CBP, PCAF, RPB1, BAF47, CYCC, CDK8), chromatin structure modifying",SMARCB1;POLR2A;CREBBP;CCNC;KAT2B;CDK8
Brg1-associated complex II,SMARCB1;SMARCC2;ARID1A;ACTL6A;SMARCA4;SMARCC1;PRMT5
"RNA polymerase II complex, chromatin structure modifying",SMARCD1;SMARCC2;GTF2H1;POLR2A;GTF2E1;SMARCA2;ACTL6A;TBP;CREBBP;SMARCA4;MED21;SMARCC1;CDK8;GTF2F1;GTF2H3;SMARCB1;PCSK4;GTF2B;SMARCE1;ERCC3;CCNC;KAT2B;DRAP1
"RNA polymerase II complex, (CDK8 complex), chromatin structure modifying",CCNH;SMARCB1;SMARCC2;CCNC;MED21;SMARCC1;CDK8;GTF2F1
CTF18-cohesion-RFC-POLH complex,RFC2;POLH;CHTF18;RFC5;DSCC1;CHTF8;RFC3;RFC4
"CTLH complex, 20S",MAEA;MKLN1;RANBP9;ARMC8;RMND5A
UTX-MLL2/3 complex,KDM6A;KMT2D;NCOA6;PPP6R3;PAXIP1;KMT2C;N4BP2;ASH2L;WDR5;PROSER1;ZNF281;RBBP5
DGCR8 multiprotein complex,HSPA5;DGCR8;HNRNPU;ILF3;NCL;DHX9;HNRNPH1;FUS;HNRNPR;DDX17;DDX5
DHX9-ADAR-vigilin-DNA-PK-Ku antigen complex,PRKDC;DHX9;HDLBP;ADAR;XRCC5;XRCC6
"SMN complex (GEMIN2, SMN1, SNRPB, SNRPDs)",SMN1;SNRPD1;SMN2;SNRPE;SNRPD3;SNRPB;GEMIN2;SNRPD2
TLE-Histone H3 complex,H3C1;H3C4;H3C7;TLE1;H3C6;H3C12;H3C3;H3C8;H3C10;H3C2;H3C11
MASH1 promoter-coactivator complex,H4C1;H4C4;POLR2A;SRC;CREBBP;H4C15;PARP1;H4C6;H3C8;H4-16;H3C1;H3C7;H4C13;NONO;HES1;H3C6;H4C14;H3C12;H4C3;H3C3;H3C10;H3C2;H3C11;H4C12;H4C5;H4C2;H4C8;H3C4;H4C11;KAT2B;H4C9
CAMK2-delta-MASH1 promoter-coactivator complex,NONO;PARP1;HES1;POLR2A;SRC;CREBBP;KAT2B;CAMK2D
NK-3-Groucho-HIPK2-SIN3A-RbpA48-HDAC1 complex,TLE1;HDAC1;HIPK2;NKX3-1;RBBP4;SIN3A
NCOR-SIN3-HDAC-HESX1 complex,HDAC2;HDAC1;NCOR2;HESX1;SIN3A;SIN3B
"SMAD2-SMAD4-FAST1-TGIF-HDAC1 complex, TGF(beta) induced",HDAC1;FOXH1;TGIF1;SMAD4;SMAD2
Gamma-secretase-Delta1 complex,PSEN1;APH1A;DLL1;NCSTN;PSENEN
"SMN complex (GEMIN2, GEMIN3, GEMIN4, GEMIN5, SMN)",SMN2;GEMIN4;DDX20;GEMIN2;GEMIN5;SMN1
COG1-COG8-COG2-COG3-COG4 subcomplex,COG8;COG1;COG4;COG3;COG2
COG1-COG8-COG5-COG6-COG7 subcomplex,COG6;COG8;COG1;COG7;COG5
"EIF3 complex (EIF3A, EIF3B, EIF3G, EIF3I, EIF3C)",EIF3G;EIF3C;EIF3A;EIF3I;EIF3B
"EIF3 complex (EIF3A, EIF3B, EIF3G, EIF3I, EIF3J)",EIF3G;EIF3J;EIF3A;EIF3I;EIF3B
VCP-VIMP-DERL1-DERL2-HRD1-SEL1L complex,SELENOS;VCP;SEL1L;DERL1;DERL2;SYVN1
"RBL2 complex (DNMT1, E2F4, E2F5, HDAC1, RBL2, SUV39H1)",SUV39H1;E2F4;DNMT1;HDAC1;E2F5;RBL2
"RBL2 complex (EP300, E2F4, E2F5, HDAC1, RBL2, SUV39H1)",SUV39H1;E2F4;HDAC1;E2F5;EP300;RBL2
"Polycystin-1 multiprotein complex (ACTN1, CDH1, SRC, JUP, VCL, CTNNB1, PXN, BCAR1, PKD1, PTK2, TLN1)",JUP;PTK2;CDH1;ACTN1;PXN;PKD1;SRC;CTNNB1;BCAR1;TLN1;VCL
NCOA6-DNA-PK-Ku-PARP1 complex,PARP1;NCOA6;PRKDC;XRCC5;XRCC6
DNA-PK-Ku-eIF2-NF90-NF45 complex,EIF2S2;EIF2S1;PRKDC;ILF3;EIF2S3;ILF2;XRCC5;XRCC6
SWI/SNF-related chromatin-remodeling complex,MECP2;HDAC1;SMARCA2;SMARCE1;SIN3A
"TNF-alpha/NF-kappa B signaling complex (CHUK, KPNA3, NFKB2, NFKBIB, REL, IKBKG,  NFKB1, NFKBIE, RELB,  NFKBIA, RELA, TNIP2)",NFKBIE;REL;NFKB2;CHUK;NFKBIB;NFKB1;TNIP2;NFKBIA;IKBKG;KPNA3;RELA;RELB
"TNF-alpha/NF-kappa B signaling complex (SEC16A, CHUK, IKBKB, NFKB2, REL, IKBKG, MAP3K14, RELA, FBXW7, USP2)",FBXW7;IKBKB;REL;NFKB2;CHUK;SEC16A;MAP3K14;IKBKG;RELA;USP2
PTIP-HMT complex,KDM6A;KMT2B;DPY30;NCOA6;PAXIP1;KMT2C;ASH2L;PAGR1;WDR5;RBBP5
"TNF-alpha/NF-kappa B signaling complex (CHUK, BTRC, NFKB2, PPP6C, REL, CUL1, IKBKE, SAPS2, SAPS1, ANKRD28, RELA, SKP1)",IKBKE;PPP6R1;REL;NFKB2;PPP6C;CHUK;BTRC;PPP6R2;CUL1;RELA;SKP1;ANKRD28
PTIP-DNA damage response complex,RAD50;TP53BP1;PAXIP1;BLM;MRE11;NBN
Kinase maturation complex 1,YWHAB;HSP90AB1;TRAF7;MARK2;YWHAQ;HSPA4;CDC37;YWHAZ;PFDN2;YWHAE;HSP90AA1;YWHAH;MAP2K5;MAP3K3;PDRG1;YWHAG
Ubiquilin-proteasome complex,UBE3A;UBQLN2;UBQLN1;PSMA6;PSMA1;PSMA2
Kinase maturation complex 2,HSP90AB1;CDC37;TANK;TRAF2;HSP90AA1;AZI2;TBK1;TBKBP1
CHUK-IQGAP2-AKAP8L-RELA-TNIP2 complex,CHUK;IQGAP2;TNIP2;RELA;AKAP8L
REL-MAP3K8-RELA-TNIP2-PAPOLA complex,MAP3K8;REL;TNIP2;RELA;PAPOLA
CHUK-NFKB2-REL-IKBKG-SPAG9-NFKB1-NFKBIE-COPB2-TNIP1-NFKBIA-RELA-TNIP2 complex,COPB2;NFKBIE;REL;NFKB2;CHUK;SPAG9;NFKB1;TNIP2;TNIP1;NFKBIA;IKBKG;RELA
53BP1-containing complex,TP53BP1;RPA1;RPA2;XRCC5;XRCC6
"TNF-alpha/Nf-kappa B signaling complex (RPL6, RPL30, RPS13, CHUK, DDX3X, NFKB2, NFKBIB, REL, IKBKG, NFKB1, MAP3K8, RELB, GLG1, NFKBIA, RELA, TNIP2,  GTF2I)",MAP3K8;GLG1;IKBKG;REL;NFKB2;CHUK;NFKBIB;DDX3X;NFKB1;RPL6;TNIP2;NFKBIA;RPL30;RPS13;GTF2I;RELB;RELA
TNF-alpha/NF-kappa B signaling complex 5,IKBKB;IQGAP2;POLR1A;POLR1D;FBXW11;CUL1;PDCD2;POLR2L;NFKB2;POLR1B;LRPPRC;POLR1G;RELA;POLR2H;MCC;CHUK;NFKB1;IKBKG;SKP1;MTIF2;REL;KPNA2;NFKBIB;POLR1E;RASAL2
CDC37-HSP90AB1-HSP90AA1-IKBKB-KIAA1967 complex,HSP90AB1;IKBKB;CDC37;HSP90AA1;CCAR2
Ku-ORC complex,ORC4;ORC6;ORC3;XRCC5;ORC2;XRCC6
CTNNB1-EP300-HADAC6-SUMO1-TCF4 complex,TCF4;SUMO1;CTNNB1;HDAC6;EP300
TNF-alpha/NF-kappa B signaling complex 6,RPL8;HSP90AB1;IKBKB;RPS11;CDC37;CHUK;RPL6;HSP90AA1;RPL4;RPL30;RPS13;MAP3K14;IKBKG;FBL
TNF-alpha/NF-kappa B signaling complex 7,HSP90AB1;TAB3;CDC37;TAB2;HSP90AA1;TAB1;FKBP5;MAP3K7
TNF-alpha/NF-kappa B signaling complex 8,HSP90AB1;CDC37;KTN1;HSP90AA1;FKBP5;IKBKE
tRNA splicing endonuclease,TSEN34;TSEN54;TSEN15;CLP1;TSEN2
TNF-alpha/NF-kappa B signaling complex 9,HSP90AB1;CDC37;CHUK;NFKBIB;FKBP5
TNF-alpha/NF-kappa B signaling complex 10,HSP90AB1;TXLNA;CDC37;CHUK;NFKBIB;CCAR1;HSP90AA1;ATG16L1;IKBKG;TBK1
"TRBP containing complex (DICER, TRBP, AGO2, RPL7A, EIF6, MOV10)",RPL7A;MOV10;TARBP2;AGO2;DICER1;EIF6
"TRBP containing complex (DICER, RPL7A, EIF6, MOV10 and subunits of the 60S ribosomal particle)",MOV10;RPL21;RPL11;RSL24D1;RPL14;RPL12;RPL18A;RPL7A;RPL36;RPL7;RPL27;RPL10A;RPL30;RPL19;RPL13;RPL15;RPL34;RPL35A;RPLP2;RPL37A;RPL32;RPLP1;DICER1;RPL28;EIF6
MLL1-WDR5 complex,RNF2;MCRS1;HSPA4;TAF4;SENP3;PHF20;CHD8;TAF9;KANSL1;TAF7;BAP18;LAS1L;WDR5;TAF6;INO80C;RUVBL1;TAF1;PELP1;TEX10;KAT8;E2F6;MGAM;HCFC1;KMT2A;PRPF31;ASH2L;RBBP5
BRCC complex,RAD51;BRCA1;BRCA2;BABAM2;BRCC3
Sororin-cohesin complex,SMC3;RAD21;PDS5A;SMC1A;CDCA5;PDS5B
"Splicing-associated factors complex (ALYREF, DEK, RBM8A, RNPS1, SRRM1)",RNPS1;ALYREF;SRRM1;RBM8A;DEK
LMO4-gp130 complex,LMO4;JAK1;SOCS3;IL6ST;PTPN11
"LINC complex, S-phase",RBL1;MYBL2;LIN37;LIN9;RBBP4;LIN54;LIN52
LINC core complex,LIN37;LIN9;RBBP4;LIN54;LIN52
"LINC complex, quiescent cells",E2F4;LIN37;LIN9;RBBP4;LIN54;LIN52;RBL2
Emerin complex 1,CNN3;SPTAN1;MYH9;MYO1E;LMO7;SIKE1;EMD;ACTB
Emerin architectural complex,SPTAN1;NMI;LMNB1;LMNA;EMD;ACTB
Emerin regulatory complex,H3C1;RBL1;BANF1;H3C2;H3C4;H3C7;HDAC3;H3C6;H3C12;HDAC1;LMO7;H3C3;H3C8;H3C10;EMD;H1-1;H3C11;ACTB
Emerin complex 24,HNRNPU;BANF2;SAP130;LMNB1;H3C8;EMD;LMNA;H3C1;H3C7;C1QBP;RB1;H3C6;H3C12;NMI;MCM6;H3C3;MCM2;H3C10;H3C2;H3C11;H1-1;H3C4;MCM4;RBL2
Emerin complex 25,BANF1;LSM8;YWHAB;SNRPD1;SAP130;BCCIP;LMNB1;HNRNPK;G3BP1;CDC37;LSM2;YWHAE;EMD;SSB;ACTB;ZRANB2
Emerin complex 32,CHD4;DPY30;HDAC1;MED4;TRIM28;BANF2;RBL1;TBL1Y;LMNB1;H3C8;EMD;TBL1XR1;ACTB;H3C1;H3C7;SMARCC2;NMI;H3C6;H3C12;H3C3;H3C10;H3C2;SMARCC1;H3C11;H3C4;SMARCB1;SAP18;SPTAN1;HDAC3;RCOR1;RBL2
Emerin complex 52,LEMD3;HNRNPU;HDGF;LMNB1;PDCD4;IQGAP1;EMD;THRA;ACTB;DDX39A;SNRPD1;C1QBP;NMI;HNRNPK;CKB;YWHAE;API5;HNRNPL;H1-1;LSM8;YWHAQ;ILF3;RBL2
"Membrane protein complex (DERL1, NPLOC4, UFD1L, VCP, VIMP)",SELENOS;VCP;UFD1;DERL1;NPLOC4
BAZ2A-DNMT1-DNMT3B-HDAC1-SMARCA5 complex,SMARCA5;DNMT1;DNMT3B;HDAC1;BAZ2A
PPP2R1A-PPP2R1B-PPP2CA-PPME1-EIF4A1 complex,EIF4A1;PPP2R1B;PPP2R1A;PPP2CA;PPME1
MAP2K1-BRAF-RAF1-YWHAE-KSR1 complex,MAP2K1;BRAF;KSR1;YWHAE;RAF1
"Gamma-secretase complex (APH1A, PSENEN, PSEN1, NCSTN, TMP21)",PSEN1;APH1A;TMED10;NCSTN;PSENEN
Dynein-dynactin complex,DYNC1H1;DCTN1;DYNLL1;DYNC1LI1;DYNC1I1
AFF4 super elongation complex (SEC),AFF1;CCNT1;EAF1;CCNT2;ELL2;ELL;MLLT1;MLLT3;AFF4;CDK9;ELL3
FHF complex,HOOK1;FHIP1B;HOOK2;HOOK3;AKTIP
CBP80/20- dependent translation complex,UPF3B;NCBP1;CTIF;NCBP2;EIF3B;EIF4A3
SELK multiprotein complex,DDOST;VCP;SELENOS;SELENOK;RPN2;CANX;DERL1;DERL2;RPN1;STT3A
"Codanin-1-Asf1\u2013histone H3.1-histone H4\u2013importin-4 complex,  cytosolic",H4C1;H4C4;H4C15;IPO4;CDAN1;H4C6;H3C8;H4-16;H3C1;H3C7;H4C13;H3C6;H4C14;H3C12;H4C3;H3C3;H3C10;H3C2;H3C11;H4C12;H4C5;H4C2;H4C8;H3C4;ASF1A;H4C11;H4C9
hTREX84 complex,THOC6;THOC5;THOC7;THOC3;THOC1;THOC2
BBSome,BBS7;BBS9;BBIP1;BBS5;TTC8;BBS2;BBS4;BBS1
Exocyst complex,EXOC3;EXOC8;EXOC7;EXOC2;EXOC1;EXOC5;EXOC6;EXOC4
Intraflagellar transport complex B core complex,IFT46;IFT52;IFT88;TTC30B;IFT27;HSPB11;IFT22;IFT74;IFT81;TTC26
B-WICH complex,MYO1C;SMARCA5;SPEF2;DDX21;SF3B1;ERCC6;BAZ1B;MYBBP1A;DEK
GATOR2 complex,WDR24;SEC13;WDR59;MIOS;SEH1L
GATOR complex,WDR24;SEC13;DEPDC5;WDR59;NPRL3;MIOS;NPRL2;SEH1L
"Dynein-2 complex, cytoplasmic",DYNC2I2;DYNLT1;DYNC2I1;DYNLL1;DYNC2LI1;NUDCD3;DYNLT2B;DYNLL2;DYNLRB1;DYNLT3;DYNLRB2;DYNC2H1
Telomerase holoenzyme,SMG6;DKC1;GAR1;WRAP53;TERT;NHP2;NOP10
BBS-chaperonin complex,MKKS;BBS7;BBS12;CCT5;CCT2;TCP1;CCT8;CCT3;BBS10;CCT4
"MIB complex, mitochondrial",IMMT;MICOS10;MICOS13;APOOL;DNAJC11;CHCHD3;SAMM50;MTX3;APOO;MTX2;MTX1;CHCHD6
"MICOS complex, mitochondrial",IMMT;MICOS10;APOOL;MICOS13;CHCHD3;APOO;CHCHD6
Histone-2-Histone-4-ASF1A-MCM2 complex,H4C4;H4C1;H4C15;H4C6;H3C8;H4-16;H3C1;H3C7;H4C13;H3C6;H4C14;H3C12;H4C3;H3C3;MCM2;H3C10;H3C2;H3C11;H4C12;H4C5;H4C2;H4C8;H3C4;ASF1A;H4C11;H4C9
"prohibitin 2 complex, mitochondrial",SLC25A5;VDAC2;PHB1;HAX1;PHB2
tRNA Splicing Ligase Complex,FAM98B;C2orf49;RTRAF;DDX1;RTCB
DDX11-Ctf18-RFC complex,PCNA;CHTF18;WDHD1;DSCC1;DDX11;ESCO1
protein complex (DDX28; DHX30; GRSF1; FASTKD2; FASTKD5),FASTKD2;FASTKD5;DHX30;DDX28;GRSF1
"Elongator complex (ELP1, ELP2, ELP3, ELP4, ELP5, ELP6)",ELP6;ELP3;ELP5;ELP1;ELP4;ELP2
PITX2-MLL4-ASH2L-RBBP5-PTIP complex,KMT2D;PAXIP1;ASH2L;PITX2;RBBP5
"TNFR1 signaling complex, native",TRADD;TNF;RNF31;IKBKB;RIPK1;CHUK;TAB2;RBCK1;TRAF2;TNIP1;BIRC3;IKBKG;TNFRSF1A;MAP3K7;TAB1
TNF-TNFR1-TRADD-RIP1-TRAF2 complex,TRADD;TNF;RIPK1;TRAF2;TNFRSF1A
CORVET complex,VPS11;TGFBRAP1;VPS18;VPS33A;VPS16;VPS8
HOPS complex,VPS11;VPS18;VPS33A;VPS16;VPS41;VPS39
HAUS augmin-like complex,HAUS3;HAUS8;HAUS1;HAUS2;HAUS4;HAUS5;HAUS7;HAUS6
SMAR1-HDAC1-SIN3A-SIN3B-p107-p130 repressor complex,RBL1;SIN3B;HDAC1;BANP;SIN3A;RBL2
MLL2 complex,OGT;KMT2D;DPY30;HCFC1;HCFC2;ASH2L;MEN1;WDR5;PSIP1;RBBP5
MLL3 complex,KDM6A;DPY30;NCOA6;PAXIP1;KMT2C;ASH2L;PAGR1;WDR5;RBBP5
MLL1 complex,OGT;RBBP5;DPY30;HCFC1;ASH2L;MEN1;WDR5;KMT2A
MLL4 complex,KDM6A;KMT2D;DPY30;NCOA6;PAXIP1;ASH2L;PAGR1;WDR5;RBBP5
TRAPP complex oligomer,TRAPPC10;TRAPPC5;TRAPPC4;TRAPPC1;TRAPPC11;TRAPPC9;TRAPPC2L;TRAPPC8;TRAPPC3L;TRAPPC2;TRAPPC12;TRAPPC6B;TRAPPC3;TRAPPC6A
VPS34-VPS15-BECLIN1-UVRAG-BCL2 complex,BCL2;UVRAG;BECN1;PIK3R4;PIK3C3
Mitochondrial calcium uniporter complex,MICU1;MCUB;MICU2;SMDT1;MCU
WASH complex,WASH1;WASHC3;WASHC4;WASHC2C;WASHC5
CUL4B-DDB1-DTL-CSN complex,CUL4B;COPS2;GPS1;DTL;DDB1
WASH-CAPZalpa/beta complex,CAPZB;WASH1;WASHC3;WASHC4;WASHC2C;CAPZA1;WASHC5
"TOM complex (TOMM5, TOMM6, TOMM7, TOMM20, TOMM22, TOMM40, TOMM70), mitochondrial",TOMM6;TOMM7;TOMM20;TOMM40;TOMM70;TOMM22;TOMM5
AKT1-FANCI-FANCD2-PHLPP1-PHLPP2-USP1-WDR48 complex,FANCD2;PHLPP1;FANCI;USP1;AKT1;WDR48;PHLPP2
SWELL1-containing complex,LRRC8B;LRRC8A;LRRC8C;LRRC8D;LRRC8E
3M complex,TP53;OBSL1;CCDC8;FBXW8;RBX1;CUL7;CUL9
Intraflagellar transport complex A,TTC21B;WDR19;IFT140;WDR35;IFT122
BBS1-BBS4-BBS5-PKD1-TTC8 complex,BBS5;TTC8;PKD1;BBS4;BBS1
AP5-SPG11-SPG15 complex,AP5S1;SPG11;AP5M1;AP5B1;ZFYVE26;AP5Z1
"CCC-Wash (WASH1, FAM21C) complex",CCDC93;VPS35L;COMMD7;WASH1;COMMD2;COMMD3;COMMD10;WASHC2C;COMMD6;COMMD5;COMMD4;COMMD9;COMMD8;CCDC22;COMMD1
USP22-SAGA complex,USP22;TRRAP;TAF9B;TADA3;TAF10;KAT2A;ATXN7L3;TADA2B
"SAGA complex, GCN5-linked",TAF9B;TADA3;TAF5L;SUPT3H;ATXN7L2;SGF29;USP22;TAF9;ATXN7L1;SUPT7L;TAF12;SUPT20H;ATXN7L3;TADA2B;TRRAP;ADA;TAF6L;TAF10;KAT2A
CCC complex,CCDC93;COMMD7;VPS35L;COMMD2;COMMD3;COMMD10;COMMD6;COMMD5;COMMD4;COMMD9;COMMD8;CCDC22;COMMD1
"ATAC complex, GCN5-linked",MBIP;TADA3;ZZZ3;KAT2A;KAT14;YEATS2;TADA2A;DR1;WDR5;SGF29
"STAGA complex, SPT3-linked",TADA3;TAF5L;SUPT3H;SGF29;USP22;TAF9;SAP130;TADA1;SUPT7L;TAF12;SUPT20H;ATXN7L3;TADA2B;TRRAP;ENY2;TAF6L;TAF10;KAT2A;ATXN7
"ATAC complex, YEATS2-linked",MBIP;POLE3;TADA3;ZZZ3;KAT2A;SGF29;KAT14;YEATS2;POLE4;TADA2A;UBAP2L;DR1;WDR5;MAP3K7
PI4K2A-WASH complex,CAPZB;PI4K2A;DNM2;NEDD4;ARHGEF2;DOCK7;WASHC2A;WASHC4;AP3B1;CAPZA1;FKBP15;WASHC5;ARHGEF1;CLTC
SMG1-UPF2-Y14-MAGOH-UPF3B-EIF4A3 complex,UPF3B;UPF2;SMG1;RBM8A;MAGOH;EIF4A3
SOG complex,WDR24;SZT2;SEC13;WDR59;NPRL3;MIOS;NPRL2;SEH1L
CCR4-NOT complex,CNOT6;CNOT1;CNOT3;CNOT7;CNOT11;CNOT9;CNOT10;CNOT2
VEGFR2-S1PR1-ERK1/2-PKC-alpha complex,MAPK3;MAPK1;KDR;PRKCA;S1PR1
VEGFR2-S1PR2-ERK1/2-PKC-alpha complex,S1PR2;MAPK3;MAPK1;KDR;PRKCA
VEGFR2-S1PR3-ERK1/2-PKC-alpha complex,MAPK3;MAPK1;KDR;PRKCA;S1PR3
VEGFR2-S1PR5-ERK1/2-PKC-alpha complex,S1PR5;MAPK3;MAPK1;KDR;PRKCA
RXFP1 signalosome,PDE4D;ARRB2;PRKACA;AKAP5;RXFP1;ADCY2
"APOL1 complex B (APOL1, APOA1, HPR, FN1, IGHM)",APOA1;APOL1;FN1;HPR;IGHM
IGF2BP1 complex,STAU1;SYNCRIP;ELAVL1;HNRNPU;YBX1;RPS6;RPL26;DHX9;IGF2BP1
"MWRAD complex (MLL1, WDR5, RBBP5, ASH2L, DPY30)",DPY30;KMT2A;ASH2L;WDR5;RBBP5
5FMC (Friends of Methylated Chtop) complex,WDR18;PELP1;TEX10;SENP3;LAS1L
LAS1L-PELP1-TEX10-WDR18-NOL9-SENP3  complex,NOL9;WDR18;PELP1;TEX10;SENP3;LAS1L
CHTOP-methylosome complex,ERH;CHTOP;PRMT1;WDR77;PRMT5
HRD1 complex,SYVN1;HSPA5;ERLIN2;BSG;UBE2J1;FAF2;SEL1L;AUP1;DERL2;OS9;HSP90B1;ERLEC1;FAM8A1
Fanconi anemia FAAP100 complex,FANCA;FAAP24;FANCE;FANCM;FANCC;FANCL;FAAP100;FANCB;FANCG;FANCF
AUP1-OS9-SEL1L-UBC6e-UBXD8 complex,UBE2J1;FAF2;SEL1L;AUP1;OS9
v-ATPase-Ragulator-AXIN/LKB1-AMPK complex,LAMTOR4;LAMTOR5;STK11;ATP6V1A;LAMTOR2;PRKAG1;AXIN1;ATP6V0D1;ATP6V0C;ATP6V1B2;PRKAA1;LAMTOR3;PRKAB1;LAMTOR1
Gamma-tubulin complex,TUBGCP6;TUBGCP4;TUBGCP2;TUBGCP3;TUBG1;TUBGCP5
MMXD complex,CIAO1;SLC25A5;MMS19;ERCC2;CIAO2B
ProTalpha C5 complex,C1QBP;SLC25A3;PSMA1;PTMA;ANP32A
WDR41-(C9orf72-SMCR8)-(FIP200-ULK1-ATG13-ATG101) complex,WDR41;C9orf72;SMCR8;ULK1;ATG13;RB1CC1;ATG101
IGF2R-PLG-PLAU-PLAUR-LTGFbeta1 complex,IGF2R;PLAU;PLG;TGFB1;PLAUR
CCDC22-CCDC93-C16orf62-FAM21-WASH1 complex,CCDC93;VPS35L;WASH1;WASHC2C;CCDC22
"Coat protein complex II (SAR1B, PREB, SEC23A , SEC24B, SEC23IP)",SAR1B;SEC23IP;PREB;SEC24B;SEC23A
"CCR4-NOT complex, CNOT7-CNOT6-specific",CNOT6;CNOT1;CNOT3;TNKS1BP1;CNOT7;CNOT11;CNOT9;CNOT10;CNOT2
"CCR4-NOT complex, CNOT7-CNOT6L-specific",CNOT6L;CNOT1;CNOT3;TNKS1BP1;CNOT7;CNOT11;CNOT9;CNOT10;CNOT2
"CCR4-NOT complex, CNOT8-CNOT6-specific",CNOT6;CNOT1;CNOT3;TNKS1BP1;CNOT11;CNOT9;CNOT10;CNOT2;CNOT8
"CCR4-NOT complex, CNOT8-CNOT6L-specific",CNOT6L;CNOT1;CNOT3;TNKS1BP1;CNOT11;CNOT9;CNOT10;CNOT2;CNOT8
NSL complex,KANSL3;OGT;MCRS1;KANSL1;HCFC1;KAT8;PHF20;WDR5;KANSL2
CDH4-HDAC2-MTA2-RBBP7-TWIST1 complex,CHD4;TWIST1;HDAC2;MTA2;RBBP7
"ING5 (BRPF2, MOZ, MORF) complex",ING5;KAT6B;MEAF6;BRD1;KAT6A
"ING5 (BRPF3, MOZ, MORF) complex",ING5;KAT6B;MEAF6;BRPF3;KAT6A
"MLC1-Na,K-ATPase-Kir4.1-AQP4-TRPV4-syntrophin complex",KCNJ10;ATP1B1;AQP4;MLC1;TRPV4;SNTG1
"HEPACAM-MLC1-Na,K-ATPase-Kir4.1-AQP4-TRPV4 complex",KCNJ10;ATP1B1;AQP4;MLC1;TRPV4;HEPACAM
HEXIM1-DNA-PK-paraspeckle components-ribonucleoprotein complex,RBM14;SFPQ;NONO;PSPC1;PRKDC;HEXIM1;MATR3;XRCC5;XRCC6
EIF2B1-EIF2B2-EIF2B3-EIF2B4-EIF2B5 complex,EIF2B5;EIF2B3;EIF2B4;EIF2B2;EIF2B1
ACTB-ANP32A-C1QBP-PSMA1-PTMA-PSMA1 complex,C1QBP;SLC25A3;PSMA1;PTMA;ANP32A;ACTB
ANP32A-ANP32B-PSMA3-PTMA-SLC25A5 complex,SLC25A5;PTMA;PSMA3;ANP32A;ANP32B
HIC1-PCL3L-PCR2 complex,PHF19;EZH2;HIC1;EED;SUZ12
"Cytochrome c oxidase including assembly factors (COX, PET100, PET117, MR-1S)",NDUFA4;COX8A;PET117;COX4I1;COX7A2;COX6B1;MT-CO3;COX5A;MT-CO2;MT-CO1;PET100;COX5B;HIGD1A;COX7B;COX6C;PNKD;COX6A1;COX7C
BRD7-SWI\u2013SNF complex,SMARCD1;SMARCC2;PHF10;ARID1A;SMARCA2;SMARCE1;ACTL6A;SMARCA4;SMARCC1;BRD7;PRMT5
BRD7-SWI\u2013SNF-SUZ12 complex,SMARCA2;SUZ12;SMARCA4;PRMT7;BRD7
BRD7-CBP-SWI\u2013SNF complex,PHF10;SMARCA2;SMARCE1;SMARCA4;PAG1;BRD7;PRMT5
CENP-A nucleosomal complex,H4C1;H4C4;HJURP;CENPH;H2AC1;H4C15;H4C6;RSF1;CENPC;CENPL;H4-16;H4C13;H4C14;SUPT16H;H4C3;CENPI;CENPN;H4C12;H4C5;H4C2;H4C8;CENPT;SSRP1;CENPA;H4C11;CENPB;H4C9;H2BC3
CENP-H-I complex,CENPP;CENPH;CENPM;CENPU;CENPI;CENPN;CENPL;CENPO;CENPK;CENPQ;ITGB3BP
CENPA-histone H4-HJURP complex,H4C1;H4C4;H4C2;H4C8;HJURP;H4C13;H4C14;CENPA;H4C6;H4C3;H4C11;H4-16;H4C9;H4C15;H4C12;H4C5
Astrin-kinastrin complex,DYNLL1;PLK1;KNSTRN;SPAG5;SGO2
KNL1-MIS12-NDC80-SPC24-ZWINT complex,ZWINT;MIS12;KNL1;SPC24;NDC80
BORC complex,BORCS8;SNAPIN;BORCS5;BLOC1S2;BLOC1S1;BORCS7;KXD1;BORCS6
SMYLE 1 complex,MAPRE1;PDE4DIP;MAPRE3;AKAP9;PRKACA;PRKAR2B;PRKAR2A;CDK5RAP2
PRAME complex,ELOB;OSGEP;RBX1;ELOC;LAGE3;PRAME;CUL2
LGR4-RSPO supercomplex,MAP2K1;MAP2K2;DVL2;LGR4;PTK2;DIAPH1;PXN;RSPO3;IQGAP1;WASL
ESR1-TRAP/Mediator coactivator complex,MED16;MED7;NCOA1;MED24;MED1;MED20;MED14;MED23;ESR1;CCNC;MED17;MED21;MED10;MED6;MED12;CDK8;MED13;EP300
ESR2-TRAP/Mediator coactivator complex,ESR2;MED16;MED7;NCOA1;MED24;MED1;MED20;MED14;MED23;CCNC;MED17;MED21;MED10;MED6;MED12;CDK8;MED13;EP300
AKAP13-MAP2K3-MAP3K20-MAPK14-PKN1 complex,MAP3K20;MAPK14;MAP2K3;AKAP13;PKN1
NARC1 complex,CDC5L;RBMX;PRPF19;ALYREF;TOP1
tRNA splicing ligase,FAM98B;C2orf49;ZBTB8OS;RTRAF;DDX1;RTCB
H2A.Z histone-exchange complex p400/TIP60,H4C1;H4C4;MORF4L1;H2BC4;PRKDC;ACTL6A;SRCAP;H2BC8;XRCC5;H2AZ1;H4C15;ANP32E;MORF4L2;H4C6;H3C8;H4-16;H3C1;TRRAP;ZNHIT1;H3C7;RUVBL1;H4C13;ING3;H3C6;H4C14;H3C12;EPC2;H4C3;H3C3;H3C10;H2BC10;BRD8;H3C2;IPO9;EPC1;H3C11;H4C12;H2BC7;H4C5;MRGBP;RUVBL2;VPS72;H4C2;H4C8;H3C4;KAT5;YEATS4;H4C11;EP400;H4C9;DMAP1;XRCC6;H2BC6
ADGRA2-DOCK1-ELMO2-GNB1-GNG2 complex,DOCK1;ADGRA2;GNB1;GNG2;ELMO2
IRAK1-IRAK4-MYD88-PELI1-TRAF6 complex,IRAK4;MYD88;TRAF6;PELI1;IRAK1
AQR-ISY1-PPIE-PRPF19-XAB2-ZNF830 complex,XAB2;PRPF19;AQR;PPIE;ISY1;ZNF830
EZR-MSN-PAG1-RDX-SLC9A3R1 complex,MSN;EZR;RDX;PAG1;SLC9A3R1
Vps34 Complex I,ATG14;BECN1;PIK3R4;PIK3C3;NRBF2
DONSON-MCM2-MCM7-PCNA-TICRR complex,PCNA;MCM7;TICRR;MCM2;DONSON
MCM8-MCM9-MRE11A-NBN-RAD50 complex,RAD50;MCM9;MCM8;MRE11;NBN
MCPH1-Condensin II complex,SMC2;NCAPH2;MCPH1;NCAPG2;NCAPD3;TERF2;SMC4;TERF2IP
RNF8-ATX3-p97 complex,VCP;RNF8;ATXN3;UFD1;NPLOC4
7SK snRNP-LEC complex,ICE2;ZC3H8;MEPCE;LARP7;ELL;ICE1
m(6)A methyltransferase complex,METTL14;WTAP;METTL3;CBLL1;VIRMA;ZC3H13
CDYL-complex,EHMT2;CDYL;SETDB1;EHMT1;HDAC2;HDAC1;MIER1;WIZ;REST
CDYL-CAF1-MCM complex,EHMT2;CDYL;EZH2;SETDB1;MCM5;MCM3;MCM7;CHAF1B;MCM6;CHAF1A;MCM2;RBBP4;MCM4
dREAM-like complex,E2F4;LIN37;LIN52;LIN9;RBBP4;LIN54;TFDP1;RBL2
MYBL2-LIN9-LIN37-LIN52-LIN54 complex,MYBL2;LIN37;LIN9;LIN54;LIN52
APC/C-ANAPC16 complex,ANAPC7;CDC27;ANAPC5;ANAPC16;CDC23;ANAPC1;CDC16;ANAPC2;ANAPC4
NGRN complex,TRUB2;FASTKD2;NGRN;RCC1L;RPUSD4;RPUSD3
NLRP3-NLRC4 inflammasome,NLRC4;NLRP3;CASP8;PYCARD;CASP1
ANP32A-APEX1-HMG2-NME1-SET complex,NME1;SET;APEX1;ANP32A;HMGB2
BCL10-CARD9-CASP8-MALT1-PYCARD inflammasome complex,CARD9;CASP8;BCL10;PYCARD;MALT1
NADPH oxidase,CYBA;RAC1;NCF2;NCF1;NCF4;CYBB
PSO4-WRN complex,BCAS2;WRN;PLRG1;PRPF19;CDC5L
CDC5L-PRP19 complex,BCAS2;HSPA8;PLRG1;PRPF19;CWC15;CTNNBL1;CDC5L
SIX3-LSD1-NuRD(MTA3) Complex,SIX3;MTA3;MBD2;HDAC2;KDM1A;HDAC1;MBD3;RBBP4;RBBP7
MBD3-NuRD complex,CHD4;ZMYND8;HDAC2;HDAC1;ZNF598;GATAD2A;GATAD2B;MTA2;MBD3;RBBP4;CHD3;CDK2AP1;RBBP7
CREBBP-EP300-HDAC1-SP1-SP3 complex,HDAC1;SP3;CREBBP;SP1;EP300
CASP8-CASP10-FADD-FLIP(S)-RIPK1 complex,CASP8;FADD;RIPK1;CASP10;CFLAR
ER membrane protein complex (EMC8),EMC6;MMGT1;EMC8;EMC3;EMC10;EMC2;EMC1;EMC4;EMC7
ER membrane protein complex (EMC9),EMC6;MMGT1;EMC3;EMC10;EMC2;EMC1;EMC4;EMC9;EMC7
SMC5-6-NSMCE4A complex,NSMCE2;NSMCE3;NSMCE1;SMC6;SMC5;NSMCE4A
SMC5-6-EID3 complex,NSMCE2;NSMCE3;NSMCE1;SMC6;EID3;SMC5
cBAF complex,BCL7C;SMARCD1;SMARCC2;ARID1A;SMARCA2;ACTL6A;SMARCA4;DPF2;SMARCC1;BCL7A;SMARCB1;SMARCD2;SMARCE1;ARID1B;ACTB
WDTC1-DDB1-CUL4-ROC1 E3 ligase complex,CUL4B;RBX1;CUL4A;WDTC1;DDB1
ncBAF complex,BCL7C;SMARCD1;SS18;SMARCA2;ACTL6A;SMARCA4;SMARCC1;BCL7A;BRD9;ACTB;BICRAL
RNA polymerase III complex,POLR1C;POLR3A;POLR2H;POLR3C;POLR2L;POLR3E;POLR3H;POLR3D;POLR3B;POLR3F;POLR1D;POLR3G;CRCP;POLR2K;POLR3K
BAX-BCL2L11-PACS2-TNFRSF10B-TNFSF10 complex,BAX;BCL2L11;PACS2;TNFRSF10B;TNFSF10
APC/C complex,ANAPC7;CDC27;ANAPC5;CDC23;ANAPC1;CDC16;ANAPC2
"APC/C complex, 1.5 MDa",ANAPC11;ANAPC7;CDC27;ANAPC5;CDC16;ANAPC1;CDC23;ANAPC2;CDK2AP1;CDC26;ANAPC4
TULP3-Intraflagellar transport complex A,TTC21B;WDR19;IFT140;IFT43;WDR35;TULP3;IFT122
"CTLH complex, submodule of the IFT/lebercilin complex",WDR26;HTRA2;PGAM5;MAEA;MKLN1;RANBP9;YPEL5;GID4;GID8;ARMC8;RMND5A;RANBP10
SRCAP-containing complex,RUVBL2;RUVBL1;YEATS4;ACTL6A;ACTR6;SRCAP;DMAP1
CD4 receptor complex,PTPRC;PTPRCAP;TFRC;CD4;LCK;VIM;TUBA1C;MYH9;TUBB
AHCYL1-CPSF complex,FIP1L1;CPSF1;AHCYL1;CPSF3;CPSF4;CPSF2
KIF4A-KIF14-KIF20A-KIF23-PRC1 complex,KIF4A;PRC1;KIF23;KIF14;KIF20A
"TFIIH transcription factor subcomplex, cdk7-specific",GTF2H3;ERCC2;GTF2H4;GTF2H1;ERCC3;GTF2H2
"TFIIH transcription factor subcomplex, p63-specific",CCNH;MNAT1;ERCC2;ERCC3;CDK7
PCID2-ENY2-GANP-SEM1-CETN2 complex,CETN2;PCID2;ENY2;SEM1;MCM3AP
PCID2-ENY2-GANP-SEM1-CETN3 complex,PCID2;ENY2;CETN3;SEM1;MCM3AP
MVB12B-PDCD6-PDCD6IP-TSG101-VPS28-VPS37A complex,VPS28;TSG101;PDCD6IP;VPS37A;PDCD6;MVB12B
"Repairosome complex, XPA-specific",PCNA;ERCC5;ERCC2;LIG1;GTF2H1;RPA2;XPA;ERCC1;ERCC3;RFC1
"Repairosome sub-complex, XPA-specific",PCNA;ERCC5;RPA1;GTF2H1;XPA;RFC1
DNMT1-associated protein complex,KAT5;PCNA;DNMT1;UHRF1;HDAC1;USP7
MVB12B-PDCD6-PDCD6IP-TSG101-VPS28-VPS37B complex,VPS28;TSG101;VPS37B;PDCD6IP;PDCD6;MVB12B
MVB12B-PDCD6-PDCD6IP-TSG101-VPS28-VPS37C complex,VPS28;VPS37C;TSG101;PDCD6IP;PDCD6;MVB12B
MVB12B-PDCD6-PDCD6IP-TSG101-VPS28-VPS37D complex,VPS28;VPS37D;TSG101;PDCD6IP;PDCD6;MVB12B
"ZMYND10 complex, cytoplasmic",RUVBL2;DNAAF4;HSPA8;CFAP298;IQUB;ZMYND10;DNAAF11
STRIPAK complex,PDCD10;GOLGA2;CTTNBP2NL;MOB4;STRN3;STRN;STRIP1;PPP2R1A;PPP2CA;STRN4;STK26
PAXX complex,PAXX;XRCC4;NHEJ1;PRKDC;LIG4;XRCC5;DCLRE1C;XRCC6
LATS1-PCBP2-SAV1-STK3-STK4 complex,LATS1;STK4;SAV1;STK3;PCBP2
LATS1-PCBP1-SAV1-STK3-STK4 complex,LATS1;PCBP1;STK4;SAV1;STK3
PPIE-AQR-XAB2-ISY1-ZNF830 complex,XAB2;AQR;PPIE;ISY1;ZNF830
CTLH complex,WDR26;MAEA;MKLN1;RANBP9;GID4;GID8;ARMC8;RMND5A
AIM2 PANoptosome complex,ZBP1;MEFV;CASP8;FADD;RIPK1;PYCARD;RIPK3;AIM2;CASP1
"TNFR1-signaling complex I, membrane-bound",TRADD;RIPK1;TRAF2;BIRC2;TNFRSF1A
"Pro-death complex II, cytosolic",TRADD;CASP8;FADD;RIPK1;TRAF2;BIRC2
PANoptosome,ZBP1;NLRP3;CASP8;FADD;RIPK1;PYCARD;RIPK3
PP6 holoenzyme,PPP6R1;PPP6C;PPP6R3;ANKRD52;ANKRD44;PPP6R2;ANKRD28;IGBP1
Ragulator-Rag complex,LAMTOR4;LAMTOR5;RRAGC;LAMTOR2;LAMTOR3;RRAGB;RRAGA;RRAGD;LAMTOR1
BRCA2-PALB2-RAD51-RAD51C-XRCC3 complex,PALB2;RAD51C;XRCC3;RAD51;BRCA2
AKT1-CDC37-CDK4-HSPA1A-HSP90AA1-NR3C1-PPP5C-RAF1-TSC1-TSC2 complex,HSPA1A;CDC37;PPP5C;AKT1;HSP90AA1;RAF1;TSC2;NR3C1;CDK4;TSC1
Ragulator complex,LAMTOR4;LAMTOR5;LAMTOR2;LAMTOR3;LAMTOR1
mTORC2 complex (PROTOR1),MTOR;RICTOR;PRR5;MAPKAP1;MLST8
mTORC2 complex (PROTOR2),MTOR;RICTOR;MAPKAP1;MLST8;PRR5L
GNAI1-GNB1-GNGT1-NTS-NTSR1 complex,GNGT1;NTSR1;GNB1;GNAI1;NTS
ADCYAP1-GNAS-GNB1-GNGT1-VIPR1 complex,GNGT1;GNB1;ADCYAP1;GNAS;VIPR1
"Spliceosome, C complex",PPIG;PRPF8;SNRPB;RBM8A;MAGOH;CDC5L;SNRPD2;BUD31;RBM22;CWC25;PPIL1;SNRPE;DHX38;SYF2;AQR;ISY1;CASC3;EFTUD2;SNRNP200;BCAS2;SNRPD1;PRPF19;SNRPD3;CRNKL1;SNRPG;XAB2;PLRG1;SNRPA1;SNRPB2;CWC15;YJU2;CDC40;SNRPF;SNW1;PPIE;PPWD1;CWC22;EIF4A3;SRRM2
"Spliceosome, pre-B complex",PRPF8;PHF5A;TXNL4A;SNRPB;LSM4;SNRPD2;SNRNP40;PRPF4;SF3B3;PRPF3;SNRPE;LSM6;SF3B6;SF3B5;EFTUD2;SNRNP200;LSM3;SNRPD1;SF3A3;SF3B2;LSM2;SNRPD3;SF3B1;LSM5;SNRPG;LSM7;LSM8;SF3A2;SNRPA1;SNRPB2;DDX23;SF3B4;SNRPF;PRPF31;PRPF6;USP39;SF3A1;SNU13
"Spliceosome, B complex",PRPF8;PHF5A;TXNL4A;SNRPB;LSM4;SNRPD2;SNRNP40;ZMAT2;PRPF4;SF3B3;PRPF3;PRPF38A;SNRPE;LSM6;SF3B6;SMU1;EFTUD2;SNRNP200;PPIH;LSM3;SNRPD1;SF3A3;UBL5;SF3B2;LSM2;SNRPD3;SF3A1;SF3B1;LSM5;SNRPG;LSM7;LSM8;SF3A2;SNRPA1;SNRPB2;SF3B4;SNRPF;PRPF31;MFAP1;PRPF6;WBP4;SART1;SNU13
"Spliceosome, A complex",HNRNPU;SAP30BP;SNRPB;SYNCRIP;CD2BP2;PCBP1;AGGF1;PQBP1;DDX5;SNRPD1;SNRPC;PRPF19;SF3B2;HNRNPK;U2SURP;CDK11A;SF3B1;DNAJC8;SF1;SUGP1;YBX1;CIRBP;SF3A1;CCAR2;DHX15;HNRNPA2B1;CHERP;HNRNPAB;SNRPD2;HNRNPA1;ELAVL1;SF3B3;HTATSF1;PPP1R8;SNRNP200;SRSF4;PRCC;BCAS2;SF3A3;ZC3H18;PPP1CA;DDX17;HNRNPC;ZNF207;PLRG1;SNRPB2;CWC15;ILF3;SRSF5;SRSF6;DDX42;CFAP20;PRPF8;RBM25;NRIP2;TRA2B;SRRT;CDC5L;PRPF3;NCBP1;SNRPE;RNPS1;SF3B6;SRSF3;RBM39;SRRM1;SF3B5;PNN;EFTUD2;FLJ10154;SRSF2;RBMX;SNRPD3;SRSF1;RBM17;SRSF7;SF3A2;PRPF40A;SNRPA1;SNRPA;DDX23;SF3B4;SMNDC1;PRPF6;FUS;SART1;HNRNPA3;TCERG1;HSPA8;PHF5A;CCAR1;U2AF2;BUB3;PUF60;SNRNP70;NCBP2;HNRNPR;RBM10;ACIN1;SRRM2;SNRPG;SRSF9;SEC31B;RBM5;U2AF1;HNRNPUL1;WBP11;SNRPF;DHX9;ILF2;CTNNBL1;TRIR;DDX46
PRC1.1c complex,RYBP;KDM2B;RNF2;PCGF1;USP7;BCOR;RING1;SKP1;BCORL1
PRC1.1d complex,KDM2B;RNF2;PCGF1;USP7;BCOR;RING1;SKP1;YAF2;BCORL1
PRC1.2c complex,RNF2;PHC1;PHC3;SCMH1;CBX8;CBX4;PHC2;PCGF2;RING1;CBX2;SCML1
PRC1.3a complex,RYBP;CSNK2B;RNF2;CSNK2A1;AUTS2;FBRSL1;RING1;PCGF3;FBRS;CSNK2A2
PRC1.3b complex,CSNK2B;RNF2;CSNK2A1;AUTS2;FBRSL1;RING1;YAF2;PCGF3;FBRS;CSNK2A2
PRC1.4c complex,RNF2;PHC1;PHC3;SCMH1;CBX8;BMI1;CBX4;CBX6;PHC2;RING1;CBX2
PRC1.5a complex,RYBP;CSNK2B;PCGF5;RNF2;CSNK2A1;AUTS2;FBRSL1;RING1;FBRS;CSNK2A2
PRC1.5c,CSNK2B;PCGF5;RNF2;CSNK2A1;AUTS2;FBRSL1;RING1;YAF2;FBRS;CSNK2A2
PRC1.6a complex,RYBP;CBX3;L3MBTL2;RNF2;PCGF6;HDAC2;HDAC1;RING1;MGA;TFDP1;WDR5;E2F6;MAX
PRC1.6b complex,CBX3;L3MBTL2;RNF2;PCGF6;HDAC2;HDAC1;RING1;MGA;TFDP1;WDR5;YAF2;E2F6;MAX
"Spliceosome, E complex",MTREX;HNRNPU;SNRPB;SREK1;SMARCA4;SYNCRIP;SMARCE1;PCBP1;LUC7L3;DDX5;SMARCD1;PPIH;SNRPD1;SNRPC;PRPF19;SF3B2;HNRNPK;U2SURP;SMARCA2;SF3B1;DDX39B;RBMXL2;ARID2;DNAJC8;SF1;SFSWAP;CPSF1;YBX1;ARID1B;PRPF31;HNRNPF;SART3;SF3A1;PCBP2;DHX15;CHD4;HNRNPA2B1;CHERP;ACTL6A;LSM4;SNRPD2;HNRNPA1;GEMIN4;SF3B3;GEMIN2;CPSF6;HTATSF1;SNRNP200;SRSF4;BCAS2;SF3A3;RUVBL1;GEMIN8;RBM7;SMARCC1;DDX17;HNRNPC;SNRPB2;SRSF5;SRSF6;PRPF8;RBM25;ALYREF;SRRT;HNRNPH1;GEMIN5;SNRNP40;CHD8;HNRNPA0;PRPF3;NCBP1;SNRPE;SF3B6;SRSF3;RBM39;SRSF2;EFTUD2;DDX39A;GEMIN6;ACTBL2;SMARCC2;SMARCA1;HNRNPM;SNRPD3;SRSF1;RBM17;SRSF7;SF3A2;PRPF40A;SMARCB1;SNRPA1;SNRPA;DDX23;SF3B4;PRPF6;FUS;USP39;CPSF7;SART1;RBM42;PHF5A;SMN2;U2AF2;PRPF4;PUF60;ZCCHC8;SNRNP70;NCBP2;PBRM1;HNRNPR;STRAP;RBM10;SRSF8;ARID1A;DDX20;KHSRP;HNRNPD;LUC7L2;HNRNPL;SRRM2;SNRPG;SMN1;RUVBL2;U2AF1;SCAF4;SRSF11;SNRPF;DHX9;NUDT21;DDX46
GID/CTLH ubiquitin E3 ligase complex,WDR26;MAEA;RANBP9;GID8;ARMC8;MKLN1;YPEL5;GID4;RMND5B;RMND5A;RANBP10
SOX9-TRAP complex,THRAP3;SOX9;MED16;MED24;MED1;MED14;MED25;CCNC;MED17;MED13;MED6;MED12
IL1R1-IL1RAP-IRAK1-MYD88-TOLLIP complex,MYD88;IL1RAP;TOLLIP;IRAK1;IL1R1
CCR4-NOT-TOB1 complex,CNOT6L;CNOT1;CNOT3;CNOT7;CNOT9;CNOT10;TOB1;CNOT2
AP-3-KIF3A-RAB4A-RBSN complex,KIF3A;RAB4A;AP3D1;AP3S1;RBSN
Distal appendage,CCP110;CEP162;SCLT1;CBY1;CEP97;C2CD3;FBF1;CEP164;CEP89;CEP290;ODF2;CEP83
ZFAND2B complex,VCP;BAG6;UFD1;FAF2;ZFAND2B;DERL1;NPLOC4
CUL2-PTCH1-TCEB1-TCEB2-ZYG11B complex,ELOB;PTCH1;ZYG11B;ELOC;CUL2
Centriolar subdistal appendage,CNTRL;DCTN1;CEP170;KIF2A;NIN;ODF2;CEP128
"TIM22 holo-complex (AGK, TIMM9, TIMM10, TIMM10B, TIMM22, TIMM29), mitochondrial",TIMM9;TIMM29;TIMM10;TIMM10B;AGK;TIMM22
Pericentrin complex,IFT57;IFT88;PKD2;IFT20;PCNT
"TNFR1 signaling complex, TNF-induced",TRADD;TNF;IKBKB;TNFAIP3;CYLD;RIPK1;TANK;TNIP2;TNIP1;RNF31;SPATA2;BIRC2;TNFRSF1A;MAP3K7;HTRA2;SHARPIN;CHUK;TAB2;IKBKG;IKBKE;RBCK1;TRAF2;BIRC3;TBK1
LUBAC-SPATA2-CYLD complex,RNF31;CYLD;SHARPIN;SPATA2;RBCK1
"COA3-HSPA9-TIMM44-TIM23(sort) complex, mitochondrial",HSPA9;ROMO1;COA3;TIMM50;TIMM21;TIMM44;TIMM17A;TIMM23
"TIM23(sort) complex (ROMO1, TIMM17A, TIMM21, TIMM23, TIMM50), mitochondrial",ROMO1;TIMM50;TIMM21;TIMM17A;TIMM23
"MITRAC complex, mitochondrial",CMC1;COA1;COX4I1;COX5A;MT-CO3;COA3;MT-CO2;MT-CO1;SURF1;TIMM21;COX16;COX15;COX6C;COX14
RAB3IP-TRAPP II complex,TRAPPC10;TRAPPC5;TRAPPC4;TRAPPC1;TRAPPC9;RAB3IP;TRAPPC2L;TRAPPC2;TRAPPC6B;TRAPPC14;TRAPPC3;TRAPPC6A
"Mitofilin complex, mitochondrial",IMMT;DNAJC11;CHCHD3;SAMM50;MTX2;MTX1;CHCHD6
KPNB1-SMN1-SNUPN-ZRP1 complex,ZPR1;SMN2;SNUPN;KPNB1;SMN1
TRAPP III complex,TRAPPC5;TRAPPC4;TRAPPC1;TRAPPC11;TRAPPC12;TRAPPC2L;TRAPPC8;TRAPPC2;TRAPPC13;TRAPPC6B;TRAPPC3;TRAPPC6A
Rixosome,NOL9;WDR18;PELP1;TEX10;MDN1;SENP3;LAS1L
VPS34-VPS15-BECLIN1-UVRAG-SLAMF1 complex,UVRAG;BECN1;SLAMF1;PIK3R4;PIK3C3
mTRAPP II complex,TRAPPC10;TRAPPC5;TRAPPC4;TRAPPC1;TRAPPC9;TRAPPC2L;TRAPPC2;TRAPPC6B;TRAPPC3;TRAPPC6A
mTRAPP III complex,TRAPPC5;TRAPPC4;TRAPPC1;TRAPPC11;TRAPPC12;TRAPPC2L;TRAPPC8;TRAPPC2;TRAPPC13;TRAPPC6B;TRAPPC3;TRAPPC6A
CDC37-HSP90AA1-MAPK1-MAPK3-MAPK11 complex,MAPK3;CDC37;MAPK11;MAPK1;HSP90AA1
Nuclear pore complex,NUP93;AHCTF1;NUP88;NUP155;NUP160;NUP188;NUP107;NUP50;AAAS;NUP98;NUP37;NUP54;SEC13;NUP133;NUP58;NUP35;GLE1;NUP210;SEH1L;NUP214;NDC1;RANBP2;NUP85;NUP62;RAE1;POM121;NUP43;NUP153;NUP42;TPR;NUP205
TLR3-associated signaling complex,CASP8;FADD;RIPK1;TICAM1;TLR3;CFLAR
TLR3 death-signaling complex,CASP8;FADD;RIPK1;TICAM1;CASP10;TLR3;CFLAR
"TLR3-DISC complex, atypical",CASP8;FADD;RIPK1;TICAM1;TLR3
DDX58-MAVS-PPP6C-TRIM14-WHIP complex,TRIM14;WRNIP1;PPP6C;DDX58;MAVS
"TIM23(sort) complex (ROMO1, TIMM17B, TIMM21, TIMM23, TIMM50), mitochondrial",ROMO1;TIMM21;TIMM50;TIMM17B;TIMM23
HSP90-IRF3-MAVS-TBK1-TOMM70 complex,IRF3;TOMM70;HSP90AA1;MAVS;TBK1
